[30-11-2025 16:13] [[32minfo[39m] [32m🔄 Cargando comandos desde: E:\Users\briha\Documentos\GitHub\Million-Lords-DsBot\dist\commands\Mlords[39m
[30-11-2025 16:13] [[32minfo[39m] [32mNo hay comandos para registrar.[39m
[30-11-2025 16:13] [[32minfo[39m] [32mComando cargado: power[39m
[30-11-2025 16:15] [[32minfo[39m] [32m🔄 Cargando comandos desde: E:\Users\briha\Documentos\GitHub\Million-Lords-DsBot\dist\commands\Mlords[39m
[30-11-2025 16:15] [[32minfo[39m] [32mComando cargado: power[39m
[30-11-2025 16:15] [[32minfo[39m] [32m🔁 Registrando 1 comandos (globales)...[39m
[30-11-2025 16:17] [[32minfo[39m] [32m🔄 Cargando comandos desde: E:\Users\briha\Documentos\GitHub\Million-Lords-DsBot\dist\commands\Mlords[39m
[30-11-2025 16:17] [[32minfo[39m] [32mComando cargado: power[39m
[30-11-2025 16:17] [[32minfo[39m] [32m🔁 Registrando 1 comandos (globales)...[39m
[30-11-2025 16:17] [[32minfo[39m] [32m✅ Comandos registrados globalmente.[39m
[30-11-2025 17:11] [[32minfo[39m] [32m🔄 Cargando comandos desde: E:\Users\briha\Documentos\GitHub\Million-Lords-DsBot\dist\commands\Mlords[39m
[30-11-2025 17:11] [[32minfo[39m] [32mComando cargado: power[39m
[30-11-2025 17:11] [[32minfo[39m] [32m🔁 Registrando 1 comandos (globales)...[39m
[30-11-2025 17:11] [[32minfo[39m] [32m✅ Comandos registrados globalmente.[39m
[30-11-2025 17:12] [[32minfo[39m] [32m🔄 Cargando comandos desde: E:\Users\briha\Documentos\GitHub\Million-Lords-DsBot\dist\commands\Mlords[39m
[30-11-2025 17:12] [[32minfo[39m] [32mComando cargado: power[39m
[30-11-2025 17:12] [[32minfo[39m] [32m🔁 Registrando 1 comandos (globales)...[39m
[30-11-2025 17:12] [[32minfo[39m] [32m✅ Comandos registrados globalmente.[39m
[30-11-2025 18:19] [[32minfo[39m] [32m🔄 Cargando comandos desde: E:\Users\briha\Documentos\GitHub\Million-Lords-DsBot\dist\commands\Mlords[39m
[30-11-2025 18:19] [[32minfo[39m] [32mComando cargado: power[39m
[30-11-2025 18:19] [[32minfo[39m] [32m🔁 Registrando 1 comandos (globales)...[39m
[30-11-2025 18:19] [[32minfo[39m] [32m✅ Comandos registrados globalmente.[39m
[30-11-2025 18:53] [[32minfo[39m] [32m🔄 Cargando comandos desde: E:\Users\briha\Documentos\GitHub\Million-Lords-DsBot\dist\commands\Mlords[39m
[30-11-2025 18:53] [[32minfo[39m] [32mComando cargado: power[39m
[30-11-2025 18:53] [[32minfo[39m] [32m🔁 Registrando 1 comandos (globales)...[39m
[30-11-2025 18:53] [[32minfo[39m] [32m✅ Comandos registrados globalmente.[39m
[30-11-2025 18:55] [[32minfo[39m] [32m🔄 Cargando eventos desde: E:\Users\briha\Documentos\GitHub\Million-Lords-DsBot\dist\events\discord[39m
[30-11-2025 18:55] [[32minfo[39m] [32m🔄 Cargando comandos desde: E:\Users\briha\Documentos\GitHub\Million-Lords-DsBot\dist\commands\Mlords[39m
[30-11-2025 18:55] [[32minfo[39m] [32mComando cargado: power[39m
[30-11-2025 18:55] [[32minfo[39m] [32m🔁 Registrando 1 comandos (globales)...[39m
[30-11-2025 18:55] [[32minfo[39m] [32m✅ Comandos registrados globalmente.[39m
[30-11-2025 19:00] [[32minfo[39m] [32m🔄 Cargando eventos desde: E:\Users\briha\Documentos\GitHub\Million-Lords-DsBot\dist\events\discord[39m
[30-11-2025 19:00] [[32minfo[39m] [32mEvento cargado: interactionCreate[39m
[30-11-2025 19:00] [[32minfo[39m] [32mEvento cargado: clientReady[39m
[30-11-2025 19:00] [[32minfo[39m] [32m🔄 Cargando comandos desde: E:\Users\briha\Documentos\GitHub\Million-Lords-DsBot\dist\commands\Mlords[39m
[30-11-2025 19:00] [[32minfo[39m] [32mComando cargado: power[39m
[30-11-2025 19:00] [[32minfo[39m] [32m🔁 Registrando 1 comandos (globales)...[39m
[30-11-2025 19:00] [[32minfo[39m] [32m✅ Comandos registrados globalmente.[39m
[30-11-2025 19:00] [[32minfo[39m] [32m🤖 Conectado como MLords#9235 (ID: 1411928144553836726)[39m
[01-12-2025 23:22] [[32minfo[39m] [32m🔄 Cargando eventos desde: E:\Users\briha\Documentos\GitHub\Million-Lords-DsBot\dist\events\discord[39m
[01-12-2025 23:22] [[32minfo[39m] [32mEvento cargado: interactionCreate[39m
[01-12-2025 23:22] [[32minfo[39m] [32mEvento cargado: clientReady[39m
[01-12-2025 23:22] [[32minfo[39m] [32m🔄 Cargando comandos desde: E:\Users\briha\Documentos\GitHub\Million-Lords-DsBot\dist\commands\Mlords[39m
[01-12-2025 23:22] [[32minfo[39m] [32mComando cargado: citywall[39m
[01-12-2025 23:22] [[32minfo[39m] [32mComando cargado: neededtroops[39m
[01-12-2025 23:22] [[32minfo[39m] [32mComando cargado: power[39m
[01-12-2025 23:22] [[32minfo[39m] [32m🔁 Registrando 3 comandos (globales)...[39m
[01-12-2025 23:22] [[32minfo[39m] [32m✅ Comandos registrados globalmente.[39m
[01-12-2025 23:22] [[32minfo[39m] [32m🤖 Conectado como MLords#9235 (ID: 1411928144553836726)[39m
[01-12-2025 23:23] [[32minfo[39m] [32m🔄 Cargando eventos desde: E:\Users\briha\Documentos\GitHub\Million-Lords-DsBot\dist\events\discord[39m
[01-12-2025 23:23] [[32minfo[39m] [32mEvento cargado: interactionCreate[39m
[01-12-2025 23:23] [[32minfo[39m] [32mEvento cargado: clientReady[39m
[01-12-2025 23:23] [[32minfo[39m] [32m🔄 Cargando comandos desde: E:\Users\briha\Documentos\GitHub\Million-Lords-DsBot\dist\commands\Mlords[39m
[01-12-2025 23:23] [[32minfo[39m] [32mComando cargado: citywall[39m
[01-12-2025 23:23] [[32minfo[39m] [32mComando cargado: neededtroops[39m
[01-12-2025 23:23] [[32minfo[39m] [32mComando cargado: power[39m
[01-12-2025 23:23] [[32minfo[39m] [32m🔁 Registrando 3 comandos (globales)...[39m
[01-12-2025 23:23] [[32minfo[39m] [32m✅ Comandos registrados globalmente.[39m
[01-12-2025 23:23] [[32minfo[39m] [32m🤖 Conectado como MLords#9235 (ID: 1411928144553836726)[39m
[01-12-2025 23:23] [[32minfo[39m] [32m🔄 Cargando eventos desde: E:\Users\briha\Documentos\GitHub\Million-Lords-DsBot\dist\events\discord[39m
[01-12-2025 23:23] [[32minfo[39m] [32mEvento cargado: interactionCreate[39m
[01-12-2025 23:23] [[32minfo[39m] [32mEvento cargado: clientReady[39m
[01-12-2025 23:23] [[32minfo[39m] [32m🔄 Cargando comandos desde: E:\Users\briha\Documentos\GitHub\Million-Lords-DsBot\dist\commands\Mlords[39m
[01-12-2025 23:23] [[32minfo[39m] [32mComando cargado: citywall[39m
[01-12-2025 23:23] [[32minfo[39m] [32mComando cargado: neededtroops[39m
[01-12-2025 23:23] [[32minfo[39m] [32mComando cargado: power[39m
[01-12-2025 23:23] [[32minfo[39m] [32m🔁 Registrando 3 comandos (globales)...[39m
[01-12-2025 23:23] [[32minfo[39m] [32m✅ Comandos registrados globalmente.[39m
[01-12-2025 23:23] [[32minfo[39m] [32m🤖 Conectado como MLords#9235 (ID: 1411928144553836726)[39m
[01-12-2025 23:30] [[32minfo[39m] [32m🔄 Cargando eventos desde: E:\Users\briha\Documentos\GitHub\Million-Lords-DsBot\dist\events\discord[39m
[01-12-2025 23:30] [[32minfo[39m] [32mEvento cargado: interactionCreate[39m
[01-12-2025 23:30] [[32minfo[39m] [32mEvento cargado: clientReady[39m
[01-12-2025 23:30] [[32minfo[39m] [32m🔄 Cargando comandos desde: E:\Users\briha\Documentos\GitHub\Million-Lords-DsBot\dist\commands\Mlords[39m
[01-12-2025 23:30] [[32minfo[39m] [32mComando cargado: citywall[39m
[01-12-2025 23:30] [[32minfo[39m] [32mComando cargado: neededtroops[39m
[01-12-2025 23:30] [[32minfo[39m] [32mComando cargado: power[39m
[01-12-2025 23:30] [[32minfo[39m] [32m🔁 Registrando 3 comandos (globales)...[39m
[01-12-2025 23:30] [[32minfo[39m] [32m✅ Comandos registrados globalmente.[39m
[01-12-2025 23:30] [[32minfo[39m] [32m🤖 Conectado como MLords#9235 (ID: 1411928144553836726)[39m
[01-12-2025 23:33] [[32minfo[39m] [32m🔄 Cargando eventos desde: E:\Users\briha\Documentos\GitHub\Million-Lords-DsBot\dist\events\discord[39m
[01-12-2025 23:33] [[32minfo[39m] [32mEvento cargado: interactionCreate[39m
[01-12-2025 23:33] [[32minfo[39m] [32mEvento cargado: clientReady[39m
[01-12-2025 23:33] [[32minfo[39m] [32m🔄 Cargando comandos desde: E:\Users\briha\Documentos\GitHub\Million-Lords-DsBot\dist\commands\Mlords[39m
[01-12-2025 23:33] [[32minfo[39m] [32mComando cargado: citywall[39m
[01-12-2025 23:33] [[32minfo[39m] [32mComando cargado: neededtroops[39m
[01-12-2025 23:33] [[32minfo[39m] [32mComando cargado: power[39m
[01-12-2025 23:33] [[32minfo[39m] [32m🔁 Registrando 3 comandos (globales)...[39m
[01-12-2025 23:33] [[32minfo[39m] [32m✅ Comandos registrados globalmente.[39m
[01-12-2025 23:33] [[32minfo[39m] [32m🤖 Conectado como MLords#9235 (ID: 1411928144553836726)[39m
[01-12-2025 23:46] [[32minfo[39m] [32m🔄 Cargando eventos desde: E:\Users\briha\Documentos\GitHub\Million-Lords-DsBot\dist\events\discord[39m
[01-12-2025 23:46] [[32minfo[39m] [32mEvento cargado: interactionCreate[39m
[01-12-2025 23:46] [[32minfo[39m] [32mEvento cargado: clientReady[39m
[01-12-2025 23:46] [[32minfo[39m] [32m🔄 Cargando comandos desde: E:\Users\briha\Documentos\GitHub\Million-Lords-DsBot\dist\commands\Mlords[39m
[01-12-2025 23:46] [[32minfo[39m] [32mComando cargado: citywall[39m
[01-12-2025 23:46] [[32minfo[39m] [32mComando cargado: neededtroops[39m
[01-12-2025 23:46] [[32minfo[39m] [32mComando cargado: power[39m
[01-12-2025 23:46] [[32minfo[39m] [32m🔁 Registrando 3 comandos (globales)...[39m
[01-12-2025 23:46] [[32minfo[39m] [32m✅ Comandos registrados globalmente.[39m
[01-12-2025 23:46] [[32minfo[39m] [32m🤖 Conectado como MLords#9235 (ID: 1411928144553836726)[39m
[01-12-2025 23:47] [[32minfo[39m] [32m🔄 Cargando eventos desde: E:\Users\briha\Documentos\GitHub\Million-Lords-DsBot\dist\events\discord[39m
[01-12-2025 23:47] [[32minfo[39m] [32mEvento cargado: interactionCreate[39m
[01-12-2025 23:47] [[32minfo[39m] [32mEvento cargado: clientReady[39m
[01-12-2025 23:47] [[32minfo[39m] [32m🔄 Cargando comandos desde: E:\Users\briha\Documentos\GitHub\Million-Lords-DsBot\dist\commands\Mlords[39m
[01-12-2025 23:47] [[32minfo[39m] [32mComando cargado: citywall[39m
[01-12-2025 23:47] [[32minfo[39m] [32mComando cargado: neededtroops[39m
[01-12-2025 23:47] [[32minfo[39m] [32mComando cargado: power[39m
[01-12-2025 23:47] [[32minfo[39m] [32m🔁 Registrando 3 comandos (globales)...[39m
[01-12-2025 23:47] [[32minfo[39m] [32m✅ Comandos registrados globalmente.[39m
[01-12-2025 23:47] [[32minfo[39m] [32m🤖 Conectado como MLords#9235 (ID: 1411928144553836726)[39m
[01-12-2025 23:47] [[32minfo[39m] [32m🔄 Cargando eventos desde: E:\Users\briha\Documentos\GitHub\Million-Lords-DsBot\dist\events\discord[39m
[01-12-2025 23:47] [[32minfo[39m] [32mEvento cargado: interactionCreate[39m
[01-12-2025 23:47] [[32minfo[39m] [32mEvento cargado: clientReady[39m
[01-12-2025 23:47] [[32minfo[39m] [32m🔄 Cargando comandos desde: E:\Users\briha\Documentos\GitHub\Million-Lords-DsBot\dist\commands\Mlords[39m
[01-12-2025 23:47] [[32minfo[39m] [32mComando cargado: citywall[39m
[01-12-2025 23:47] [[32minfo[39m] [32mComando cargado: neededtroops[39m
[01-12-2025 23:47] [[32minfo[39m] [32mComando cargado: power[39m
[01-12-2025 23:47] [[32minfo[39m] [32m🔁 Registrando 3 comandos (globales)...[39m
[01-12-2025 23:47] [[32minfo[39m] [32m✅ Comandos registrados globalmente.[39m
[01-12-2025 23:47] [[32minfo[39m] [32m🤖 Conectado como MLords#9235 (ID: 1411928144553836726)[39m
[01-12-2025 23:48] [[32minfo[39m] [32m🔄 Cargando eventos desde: E:\Users\briha\Documentos\GitHub\Million-Lords-DsBot\dist\events\discord[39m
[01-12-2025 23:48] [[32minfo[39m] [32mEvento cargado: interactionCreate[39m
[01-12-2025 23:48] [[32minfo[39m] [32mEvento cargado: clientReady[39m
[01-12-2025 23:48] [[32minfo[39m] [32m🔄 Cargando comandos desde: E:\Users\briha\Documentos\GitHub\Million-Lords-DsBot\dist\commands\Mlords[39m
[01-12-2025 23:48] [[32minfo[39m] [32mComando cargado: citywall[39m
[01-12-2025 23:48] [[32minfo[39m] [32mComando cargado: neededtroops[39m
[01-12-2025 23:48] [[32minfo[39m] [32mComando cargado: power[39m
[01-12-2025 23:48] [[32minfo[39m] [32m🔁 Registrando 3 comandos (globales)...[39m
[01-12-2025 23:48] [[32minfo[39m] [32m✅ Comandos registrados globalmente.[39m
[01-12-2025 23:48] [[32minfo[39m] [32m🤖 Conectado como MLords#9235 (ID: 1411928144553836726)[39m
[01-12-2025 23:53] [[32minfo[39m] [32m🔄 Cargando eventos desde: E:\Users\briha\Documentos\GitHub\Million-Lords-DsBot\dist\events\discord[39m
[01-12-2025 23:53] [[32minfo[39m] [32mEvento cargado: interactionCreate[39m
[01-12-2025 23:53] [[32minfo[39m] [32mEvento cargado: clientReady[39m
[01-12-2025 23:53] [[32minfo[39m] [32m🔄 Cargando comandos desde: E:\Users\briha\Documentos\GitHub\Million-Lords-DsBot\dist\commands\Mlords[39m
[01-12-2025 23:53] [[32minfo[39m] [32mComando cargado: citywall[39m
[01-12-2025 23:53] [[32minfo[39m] [32mComando cargado: neededtroops[39m
[01-12-2025 23:53] [[32minfo[39m] [32mComando cargado: power[39m
[01-12-2025 23:53] [[32minfo[39m] [32m🔁 Registrando 3 comandos (globales)...[39m
[01-12-2025 23:53] [[32minfo[39m] [32m✅ Comandos registrados globalmente.[39m
[01-12-2025 23:53] [[32minfo[39m] [32m🤖 Conectado como MLords#9235 (ID: 1411928144553836726)[39m
[02-12-2025 23:49] [[32minfo[39m] [32m🔄 Cargando eventos desde: E:\Users\briha\Documentos\GitHub\Million-Lords-DsBot\dist\events\discord[39m
[02-12-2025 23:49] [[32minfo[39m] [32mEvento cargado: interactionCreate[39m
[02-12-2025 23:49] [[32minfo[39m] [32mEvento cargado: clientReady[39m
[02-12-2025 23:49] [[32minfo[39m] [32m🔄 Cargando comandos desde: E:\Users\briha\Documentos\GitHub\Million-Lords-DsBot\dist\commands\Mlords[39m
[02-12-2025 23:49] [[32minfo[39m] [32mComando cargado: citywall[39m
[02-12-2025 23:49] [[32minfo[39m] [32mComando cargado: neededtroopsdefense[39m
[02-12-2025 23:49] [[32minfo[39m] [32mComando cargado: neededtroopscitylevel[39m
[02-12-2025 23:49] [[32minfo[39m] [32mComando cargado: power[39m
[02-12-2025 23:49] [[32minfo[39m] [32m🔁 Registrando 4 comandos (globales)...[39m
[02-12-2025 23:49] [[32minfo[39m] [32m✅ Comandos registrados globalmente.[39m
[02-12-2025 23:49] [[32minfo[39m] [32m🤖 Conectado como MLords#9235 (ID: 1411928144553836726)[39m
[02-12-2025 23:50] [[32minfo[39m] [32m🔄 Cargando eventos desde: E:\Users\briha\Documentos\GitHub\Million-Lords-DsBot\dist\events\discord[39m
[02-12-2025 23:50] [[32minfo[39m] [32mEvento cargado: interactionCreate[39m
[02-12-2025 23:50] [[32minfo[39m] [32mEvento cargado: clientReady[39m
[02-12-2025 23:50] [[32minfo[39m] [32m🔄 Cargando comandos desde: E:\Users\briha\Documentos\GitHub\Million-Lords-DsBot\dist\commands\Mlords[39m
[02-12-2025 23:50] [[32minfo[39m] [32mComando cargado: citywall[39m
[02-12-2025 23:50] [[32minfo[39m] [32mComando cargado: neededtroopsdefense[39m
[02-12-2025 23:50] [[32minfo[39m] [32mComando cargado: neededtroopscitylevel[39m
[02-12-2025 23:50] [[32minfo[39m] [32mComando cargado: power[39m
[02-12-2025 23:50] [[32minfo[39m] [32m🔁 Registrando 4 comandos (globales)...[39m
[02-12-2025 23:50] [[32minfo[39m] [32m✅ Comandos registrados globalmente.[39m
[02-12-2025 23:50] [[32minfo[39m] [32m🤖 Conectado como MLords#9235 (ID: 1411928144553836726)[39m
[02-12-2025 23:54] [[32minfo[39m] [32m🔄 Cargando eventos desde: E:\Users\briha\Documentos\GitHub\Million-Lords-DsBot\dist\events\discord[39m
[02-12-2025 23:54] [[32minfo[39m] [32mEvento cargado: interactionCreate[39m
[02-12-2025 23:54] [[32minfo[39m] [32mEvento cargado: clientReady[39m
[02-12-2025 23:54] [[32minfo[39m] [32m🔄 Cargando comandos desde: E:\Users\briha\Documentos\GitHub\Million-Lords-DsBot\dist\commands\Mlords[39m
[02-12-2025 23:54] [[32minfo[39m] [32mComando cargado: citywall[39m
[02-12-2025 23:54] [[32minfo[39m] [32mComando cargado: neededtroopsdefense[39m
[02-12-2025 23:54] [[32minfo[39m] [32mComando cargado: neededtroopscitylevel[39m
[02-12-2025 23:54] [[32minfo[39m] [32mComando cargado: power[39m
[02-12-2025 23:54] [[32minfo[39m] [32m🔁 Registrando 4 comandos (globales)...[39m
[02-12-2025 23:54] [[32minfo[39m] [32m✅ Comandos registrados globalmente.[39m
[02-12-2025 23:54] [[32minfo[39m] [32m🤖 Conectado como MLords#9235 (ID: 1411928144553836726)[39m
[02-12-2025 23:56] [[32minfo[39m] [32m🔄 Cargando eventos desde: E:\Users\briha\Documentos\GitHub\Million-Lords-DsBot\dist\events\discord[39m
[02-12-2025 23:56] [[32minfo[39m] [32mEvento cargado: interactionCreate[39m
[02-12-2025 23:56] [[32minfo[39m] [32mEvento cargado: clientReady[39m
[02-12-2025 23:56] [[32minfo[39m] [32m🔄 Cargando comandos desde: E:\Users\briha\Documentos\GitHub\Million-Lords-DsBot\dist\commands\Mlords[39m
[02-12-2025 23:56] [[32minfo[39m] [32mComando cargado: citywall[39m
[02-12-2025 23:56] [[32minfo[39m] [32mComando cargado: neededtroopsdefense[39m
[02-12-2025 23:56] [[32minfo[39m] [32mComando cargado: neededtroopscitylevel[39m
[02-12-2025 23:56] [[32minfo[39m] [32mComando cargado: power[39m
[02-12-2025 23:56] [[32minfo[39m] [32m🔁 Registrando 4 comandos (globales)...[39m
[02-12-2025 23:56] [[32minfo[39m] [32m✅ Comandos registrados globalmente.[39m
[02-12-2025 23:56] [[32minfo[39m] [32m🤖 Conectado como MLords#9235 (ID: 1411928144553836726)[39m
[03-12-2025 00:20] [[32minfo[39m] [32m🔄 Cargando eventos desde: E:\Users\briha\Documentos\GitHub\Million-Lords-DsBot\dist\events\discord[39m
[03-12-2025 00:20] [[32minfo[39m] [32mEvento cargado: interactionCreate[39m
[03-12-2025 00:20] [[32minfo[39m] [32mEvento cargado: clientReady[39m
[03-12-2025 00:20] [[32minfo[39m] [32m🔄 Cargando comandos desde: E:\Users\briha\Documentos\GitHub\Million-Lords-DsBot\dist\commands\Mlords[39m
[03-12-2025 00:20] [[32minfo[39m] [32mComando cargado: citywall[39m
[03-12-2025 00:20] [[32minfo[39m] [32mComando cargado: help[39m
[03-12-2025 00:20] [[32minfo[39m] [32mComando cargado: neededtroopsdefense[39m
[03-12-2025 00:20] [[32minfo[39m] [32mComando cargado: neededtroopscitylevel[39m
[03-12-2025 00:20] [[32minfo[39m] [32mComando cargado: power[39m
[03-12-2025 00:20] [[32minfo[39m] [32m🔁 Registrando 5 comandos (globales)...[39m
[03-12-2025 00:20] [[32minfo[39m] [32m✅ Comandos registrados globalmente.[39m
[03-12-2025 00:20] [[32minfo[39m] [32m🤖 Conectado como MLords#9235 (ID: 1411928144553836726)[39m
[18-12-2025 22:23] [[32minfo[39m] [32m🔄 Cargando eventos desde: E:\Users\briha\Documentos\GitHub\Million-Lords-DsBot\dist\events\discord[39m
[18-12-2025 22:23] [[32minfo[39m] [32mEvento cargado: interactionCreate[39m
[18-12-2025 22:23] [[32minfo[39m] [32mEvento cargado: clientReady[39m
[18-12-2025 22:23] [[32minfo[39m] [32m🔄 Cargando comandos desde: E:\Users\briha\Documentos\GitHub\Million-Lords-DsBot\dist\commands\Mlords[39m
[18-12-2025 22:23] [[32minfo[39m] [32mComando cargado: breakcity[39m
[18-12-2025 22:23] [[32minfo[39m] [32mComando cargado: breakdefense[39m
[18-12-2025 22:23] [[32minfo[39m] [32mComando cargado: citywall[39m
[18-12-2025 22:23] [[32minfo[39m] [32mComando cargado: citywall[39m
[18-12-2025 22:23] [[32minfo[39m] [32mComando cargado: help[39m
[18-12-2025 22:23] [[32minfo[39m] [32mComando cargado: neededtroopsdefense[39m
[18-12-2025 22:23] [[32minfo[39m] [32mComando cargado: neededtroopscitylevel[39m
[18-12-2025 22:23] [[32minfo[39m] [32mComando cargado: power[39m
[18-12-2025 22:23] [[32minfo[39m] [32mComando cargado: powercalc[39m
[18-12-2025 22:23] [[32minfo[39m] [32m🔁 Registrando 8 comandos (globales)...[39m
[18-12-2025 22:23] [[32minfo[39m] [32m✅ Comandos registrados globalmente.[39m
[18-12-2025 22:23] [[32minfo[39m] [32m🤖 Conectado como MLords#9235 (ID: 1411928144553836726)[39m
[18-12-2025 22:23] [[32minfo[39m] [32mComando ejecutado: power | Usuario: _codu | Servidor: LEGIONS-BLACK[39m
[18-12-2025 22:24] [[32minfo[39m] [32m🔄 Cargando eventos desde: E:\Users\briha\Documentos\GitHub\Million-Lords-DsBot\dist\events\discord[39m
[18-12-2025 22:24] [[32minfo[39m] [32mEvento cargado: interactionCreate[39m
[18-12-2025 22:24] [[32minfo[39m] [32mEvento cargado: clientReady[39m
[18-12-2025 22:24] [[32minfo[39m] [32m🔄 Cargando comandos desde: E:\Users\briha\Documentos\GitHub\Million-Lords-DsBot\dist\commands\Mlords[39m
[18-12-2025 22:24] [[32minfo[39m] [32mComando cargado: breakcity[39m
[18-12-2025 22:24] [[32minfo[39m] [32mComando cargado: breakdefense[39m
[18-12-2025 22:24] [[32minfo[39m] [32mComando cargado: citywall[39m
[18-12-2025 22:24] [[32minfo[39m] [32mComando cargado: citywall[39m
[18-12-2025 22:24] [[32minfo[39m] [32mComando cargado: help[39m
[18-12-2025 22:24] [[32minfo[39m] [32mComando cargado: neededtroopsdefense[39m
[18-12-2025 22:24] [[32minfo[39m] [32mComando cargado: neededtroopscitylevel[39m
[18-12-2025 22:24] [[32minfo[39m] [32mComando cargado: power[39m
[18-12-2025 22:24] [[32minfo[39m] [32mComando cargado: powercalc[39m
[18-12-2025 22:24] [[32minfo[39m] [32m🔁 Registrando 8 comandos (globales)...[39m
[18-12-2025 22:24] [[32minfo[39m] [32m✅ Comandos registrados globalmente.[39m
[18-12-2025 22:24] [[32minfo[39m] [32m🤖 Conectado como MLords#9235 (ID: 1411928144553836726)[39m
[18-12-2025 22:25] [[32minfo[39m] [32mComando ejecutado: power | Usuario: _codu | Servidor: Servidor de Codú[39m
[18-12-2025 22:26] [[32minfo[39m] [32m🔄 Cargando eventos desde: E:\Users\briha\Documentos\GitHub\Million-Lords-DsBot\dist\events\discord[39m
[18-12-2025 22:26] [[32minfo[39m] [32mEvento cargado: interactionCreate[39m
[18-12-2025 22:26] [[32minfo[39m] [32mEvento cargado: clientReady[39m
[18-12-2025 22:26] [[32minfo[39m] [32m🔄 Cargando comandos desde: E:\Users\briha\Documentos\GitHub\Million-Lords-DsBot\dist\commands\Mlords[39m
[18-12-2025 22:26] [[32minfo[39m] [32mComando cargado: breakcity[39m
[18-12-2025 22:26] [[32minfo[39m] [32mComando cargado: breakdefense[39m
[18-12-2025 22:26] [[32minfo[39m] [32mComando cargado: citywall[39m
[18-12-2025 22:26] [[32minfo[39m] [32mComando cargado: citywall[39m
[18-12-2025 22:26] [[32minfo[39m] [32mComando cargado: help[39m
[18-12-2025 22:26] [[32minfo[39m] [32mComando cargado: neededtroopsdefense[39m
[18-12-2025 22:26] [[32minfo[39m] [32mComando cargado: neededtroopscitylevel[39m
[18-12-2025 22:26] [[32minfo[39m] [32mComando cargado: power[39m
[18-12-2025 22:26] [[32minfo[39m] [32mComando cargado: powercalc[39m
[18-12-2025 22:26] [[32minfo[39m] [32m🔁 Registrando 8 comandos (globales)...[39m
[18-12-2025 22:26] [[32minfo[39m] [32m✅ Comandos registrados globalmente.[39m
[18-12-2025 22:26] [[32minfo[39m] [32m🤖 Conectado como MLords#9235 (ID: 1411928144553836726)[39m
[18-12-2025 22:27] [[32minfo[39m] [32m🔄 Cargando eventos desde: E:\Users\briha\Documentos\GitHub\Million-Lords-DsBot\dist\events\discord[39m
[18-12-2025 22:27] [[32minfo[39m] [32mEvento cargado: interactionCreate[39m
[18-12-2025 22:27] [[32minfo[39m] [32mEvento cargado: clientReady[39m
[18-12-2025 22:27] [[32minfo[39m] [32m🔄 Cargando comandos desde: E:\Users\briha\Documentos\GitHub\Million-Lords-DsBot\dist\commands\Mlords[39m
[18-12-2025 22:27] [[32minfo[39m] [32mComando cargado: breakcity[39m
[18-12-2025 22:27] [[32minfo[39m] [32mComando cargado: breakdefense[39m
[18-12-2025 22:27] [[32minfo[39m] [32mComando cargado: citywall[39m
[18-12-2025 22:27] [[32minfo[39m] [32mComando cargado: help[39m
[18-12-2025 22:27] [[32minfo[39m] [32mComando cargado: powercalc[39m
[18-12-2025 22:27] [[32minfo[39m] [32m🔁 Registrando 5 comandos (globales)...[39m
[18-12-2025 22:27] [[32minfo[39m] [32m✅ Comandos registrados globalmente.[39m
[18-12-2025 22:27] [[32minfo[39m] [32m🤖 Conectado como MLords#9235 (ID: 1411928144553836726)[39m
[18-12-2025 22:27] [[32minfo[39m] [32mComando ejecutado: powercalc | Usuario: _codu | Servidor: Servidor de Codú[39m
[18-12-2025 22:28] [[32minfo[39m] [32mComando ejecutado: citywall | Usuario: _codu | Servidor: Servidor de Codú[39m
[18-12-2025 22:32] [[32minfo[39m] [32m🔄 Cargando eventos desde: E:\Users\briha\Documentos\GitHub\Million-Lords-DsBot\dist\events\discord[39m
[18-12-2025 22:32] [[32minfo[39m] [32mEvento cargado: interactionCreate[39m
[18-12-2025 22:32] [[32minfo[39m] [32mEvento cargado: clientReady[39m
[18-12-2025 22:32] [[32minfo[39m] [32m🔄 Cargando comandos desde: E:\Users\briha\Documentos\GitHub\Million-Lords-DsBot\dist\commands\Mlords[39m
[18-12-2025 22:32] [[32minfo[39m] [32mComando cargado: breakcity[39m
[18-12-2025 22:32] [[32minfo[39m] [32mComando cargado: breakdefense[39m
[18-12-2025 22:32] [[32minfo[39m] [32mComando cargado: citywall[39m
[18-12-2025 22:32] [[32minfo[39m] [32mComando cargado: help[39m
[18-12-2025 22:32] [[32minfo[39m] [32mComando cargado: powercalc[39m
[18-12-2025 22:32] [[32minfo[39m] [32m🔁 Registrando 5 comandos (globales)...[39m
[18-12-2025 22:32] [[32minfo[39m] [32m✅ Comandos registrados globalmente.[39m
[18-12-2025 22:32] [[32minfo[39m] [32m🤖 Conectado como MLords#9235 (ID: 1411928144553836726)[39m
[18-12-2025 22:33] [[32minfo[39m] [32mComando ejecutado: citywall | Usuario: _codu | Servidor: Servidor de Codú[39m
[18-12-2025 22:39] [[32minfo[39m] [32m🔄 Cargando eventos desde: E:\Users\briha\Documentos\GitHub\Million-Lords-DsBot\dist\events\discord[39m
[18-12-2025 22:39] [[32minfo[39m] [32mEvento cargado: interactionCreate[39m
[18-12-2025 22:39] [[32minfo[39m] [32mEvento cargado: clientReady[39m
[18-12-2025 22:39] [[32minfo[39m] [32m🔄 Cargando comandos desde: E:\Users\briha\Documentos\GitHub\Million-Lords-DsBot\dist\commands\Mlords[39m
[18-12-2025 22:39] [[32minfo[39m] [32mComando cargado: breakcity[39m
[18-12-2025 22:39] [[32minfo[39m] [32mComando cargado: breakdefense[39m
[18-12-2025 22:39] [[32minfo[39m] [32mComando cargado: citywall[39m
[18-12-2025 22:39] [[32minfo[39m] [32mComando cargado: help[39m
[18-12-2025 22:39] [[32minfo[39m] [32mComando cargado: powercalc[39m
[18-12-2025 22:39] [[32minfo[39m] [32m🔁 Registrando 5 comandos (globales)...[39m
[18-12-2025 22:39] [[32minfo[39m] [32m✅ Comandos registrados globalmente.[39m
[18-12-2025 22:39] [[32minfo[39m] [32m🤖 Conectado como MLords#9235 (ID: 1411928144553836726)[39m
[18-12-2025 22:42] [[32minfo[39m] [32mComando ejecutado: citywall | Usuario: _codu | Servidor: LEGIONS-BLACK[39m
[18-12-2025 22:45] [[32minfo[39m] [32m🔄 Cargando eventos desde: E:\Users\briha\Documentos\GitHub\Million-Lords-DsBot\dist\events\discord[39m
[18-12-2025 22:45] [[32minfo[39m] [32mEvento cargado: interactionCreate[39m
[18-12-2025 22:45] [[32minfo[39m] [32mEvento cargado: clientReady[39m
[18-12-2025 22:45] [[32minfo[39m] [32m🔄 Cargando comandos desde: E:\Users\briha\Documentos\GitHub\Million-Lords-DsBot\dist\commands\Mlords[39m
[18-12-2025 22:45] [[32minfo[39m] [32mComando cargado: breakcity[39m
[18-12-2025 22:45] [[32minfo[39m] [32mComando cargado: breakdefense[39m
[18-12-2025 22:45] [[32minfo[39m] [32mComando cargado: citywall[39m
[18-12-2025 22:45] [[32minfo[39m] [32mComando cargado: help[39m
[18-12-2025 22:45] [[32minfo[39m] [32mComando cargado: powercalc[39m
[18-12-2025 22:45] [[32minfo[39m] [32m🔁 Registrando 5 comandos (globales)...[39m
[18-12-2025 22:45] [[32minfo[39m] [32m✅ Comandos registrados globalmente.[39m
[18-12-2025 22:45] [[32minfo[39m] [32m🤖 Conectado como MLords#9235 (ID: 1411928144553836726)[39m
[18-12-2025 22:45] [[32minfo[39m] [32mComando ejecutado: citywall | Usuario: _codu | Servidor: LEGIONS-BLACK[39m
[18-12-2025 22:46] [[32minfo[39m] [32m🔄 Cargando eventos desde: E:\Users\briha\Documentos\GitHub\Million-Lords-DsBot\dist\events\discord[39m
[18-12-2025 22:46] [[32minfo[39m] [32mEvento cargado: interactionCreate[39m
[18-12-2025 22:46] [[32minfo[39m] [32mEvento cargado: clientReady[39m
[18-12-2025 22:46] [[32minfo[39m] [32m🔄 Cargando comandos desde: E:\Users\briha\Documentos\GitHub\Million-Lords-DsBot\dist\commands\Mlords[39m
[18-12-2025 22:46] [[32minfo[39m] [32mComando cargado: breakcity[39m
[18-12-2025 22:46] [[32minfo[39m] [32mComando cargado: breakdefense[39m
[18-12-2025 22:46] [[32minfo[39m] [32mComando cargado: citywall[39m
[18-12-2025 22:46] [[32minfo[39m] [32mComando cargado: help[39m
[18-12-2025 22:46] [[32minfo[39m] [32mComando cargado: powercalc[39m
[18-12-2025 22:46] [[32minfo[39m] [32m🔁 Registrando 5 comandos (globales)...[39m
[18-12-2025 22:46] [[32minfo[39m] [32m✅ Comandos registrados globalmente.[39m
[18-12-2025 22:46] [[32minfo[39m] [32m🤖 Conectado como MLords#9235 (ID: 1411928144553836726)[39m
[18-12-2025 22:46] [[32minfo[39m] [32mComando ejecutado: citywall | Usuario: _codu | Servidor: LEGIONS-BLACK[39m
[18-12-2025 22:46] [[32minfo[39m] [32m🔄 Cargando eventos desde: E:\Users\briha\Documentos\GitHub\Million-Lords-DsBot\dist\events\discord[39m
[18-12-2025 22:46] [[32minfo[39m] [32mEvento cargado: interactionCreate[39m
[18-12-2025 22:46] [[32minfo[39m] [32mEvento cargado: clientReady[39m
[18-12-2025 22:46] [[32minfo[39m] [32m🔄 Cargando comandos desde: E:\Users\briha\Documentos\GitHub\Million-Lords-DsBot\dist\commands\Mlords[39m
[18-12-2025 22:46] [[32minfo[39m] [32mComando cargado: breakcity[39m
[18-12-2025 22:46] [[32minfo[39m] [32mComando cargado: breakdefense[39m
[18-12-2025 22:46] [[32minfo[39m] [32mComando cargado: citywall[39m
[18-12-2025 22:46] [[32minfo[39m] [32mComando cargado: help[39m
[18-12-2025 22:46] [[32minfo[39m] [32mComando cargado: powercalc[39m
[18-12-2025 22:46] [[32minfo[39m] [32m🔁 Registrando 5 comandos (globales)...[39m
[18-12-2025 22:46] [[32minfo[39m] [32m✅ Comandos registrados globalmente.[39m
[18-12-2025 22:46] [[32minfo[39m] [32m🤖 Conectado como MLords#9235 (ID: 1411928144553836726)[39m
[18-12-2025 22:46] [[32minfo[39m] [32mComando ejecutado: citywall | Usuario: _codu | Servidor: Servidor de Codú[39m
[18-12-2025 22:49] [[32minfo[39m] [32m🔄 Cargando eventos desde: E:\Users\briha\Documentos\GitHub\Million-Lords-DsBot\dist\events\discord[39m
[18-12-2025 22:49] [[32minfo[39m] [32mEvento cargado: interactionCreate[39m
[18-12-2025 22:49] [[32minfo[39m] [32mEvento cargado: clientReady[39m
[18-12-2025 22:49] [[32minfo[39m] [32m🔄 Cargando comandos desde: E:\Users\briha\Documentos\GitHub\Million-Lords-DsBot\dist\commands\Mlords[39m
[18-12-2025 22:49] [[32minfo[39m] [32mComando cargado: breakcity[39m
[18-12-2025 22:49] [[32minfo[39m] [32mComando cargado: breakdefense[39m
[18-12-2025 22:49] [[32minfo[39m] [32mComando cargado: citywall[39m
[18-12-2025 22:49] [[32minfo[39m] [32mComando cargado: help[39m
[18-12-2025 22:49] [[32minfo[39m] [32mComando cargado: powercalc[39m
[18-12-2025 22:49] [[32minfo[39m] [32m🔁 Registrando 5 comandos (globales)...[39m
[18-12-2025 22:49] [[32minfo[39m] [32m✅ Comandos registrados globalmente.[39m
[18-12-2025 22:49] [[32minfo[39m] [32m🤖 Conectado como MLords#9235 (ID: 1411928144553836726)[39m
[18-12-2025 22:49] [[32minfo[39m] [32mComando ejecutado: citywall | Usuario: _codu | Servidor: Servidor de Codú[39m
[18-12-2025 22:49] [[32minfo[39m] [32mComando ejecutado: citywall | Usuario: _codu | Servidor: Servidor de Codú[39m
[18-12-2025 22:51] [[32minfo[39m] [32m🔄 Cargando eventos desde: E:\Users\briha\Documentos\GitHub\Million-Lords-DsBot\dist\events\discord[39m
[18-12-2025 22:51] [[32minfo[39m] [32mEvento cargado: interactionCreate[39m
[18-12-2025 22:51] [[32minfo[39m] [32mEvento cargado: clientReady[39m
[18-12-2025 22:51] [[32minfo[39m] [32m🔄 Cargando comandos desde: E:\Users\briha\Documentos\GitHub\Million-Lords-DsBot\dist\commands\Mlords[39m
[18-12-2025 22:51] [[32minfo[39m] [32mComando cargado: breakcity[39m
[18-12-2025 22:51] [[32minfo[39m] [32mComando cargado: breakdefense[39m
[18-12-2025 22:51] [[32minfo[39m] [32mComando cargado: citywall[39m
[18-12-2025 22:51] [[32minfo[39m] [32mComando cargado: help[39m
[18-12-2025 22:51] [[32minfo[39m] [32mComando cargado: powercalc[39m
[18-12-2025 22:51] [[32minfo[39m] [32m🔁 Registrando 5 comandos (globales)...[39m
[18-12-2025 22:51] [[32minfo[39m] [32m✅ Comandos registrados globalmente.[39m
[18-12-2025 22:51] [[32minfo[39m] [32m🤖 Conectado como MLords#9235 (ID: 1411928144553836726)[39m
[18-12-2025 22:51] [[32minfo[39m] [32mComando ejecutado: citywall | Usuario: _codu | Servidor: Servidor de Codú[39m
[18-12-2025 22:53] [[32minfo[39m] [32m🔄 Cargando eventos desde: E:\Users\briha\Documentos\GitHub\Million-Lords-DsBot\dist\events\discord[39m
[18-12-2025 22:53] [[32minfo[39m] [32mEvento cargado: interactionCreate[39m
[18-12-2025 22:53] [[32minfo[39m] [32mEvento cargado: clientReady[39m
[18-12-2025 22:53] [[32minfo[39m] [32m🔄 Cargando comandos desde: E:\Users\briha\Documentos\GitHub\Million-Lords-DsBot\dist\commands\Mlords[39m
[18-12-2025 22:53] [[32minfo[39m] [32mComando cargado: breakcity[39m
[18-12-2025 22:53] [[32minfo[39m] [32mComando cargado: breakdefense[39m
[18-12-2025 22:53] [[32minfo[39m] [32mComando cargado: citywall[39m
[18-12-2025 22:53] [[32minfo[39m] [32mComando cargado: help[39m
[18-12-2025 22:53] [[32minfo[39m] [32mComando cargado: powercalc[39m
[18-12-2025 22:53] [[32minfo[39m] [32m🔁 Registrando 5 comandos (globales)...[39m
[18-12-2025 22:53] [[32minfo[39m] [32m✅ Comandos registrados globalmente.[39m
[18-12-2025 22:53] [[32minfo[39m] [32m🤖 Conectado como MLords#9235 (ID: 1411928144553836726)[39m
[18-12-2025 22:53] [[32minfo[39m] [32mComando ejecutado: citywall | Usuario: _codu | Servidor: Servidor de Codú[39m
[18-12-2025 22:53] [[32minfo[39m] [32m🔄 Cargando eventos desde: E:\Users\briha\Documentos\GitHub\Million-Lords-DsBot\dist\events\discord[39m
[18-12-2025 22:53] [[32minfo[39m] [32mEvento cargado: interactionCreate[39m
[18-12-2025 22:53] [[32minfo[39m] [32mEvento cargado: clientReady[39m
[18-12-2025 22:53] [[32minfo[39m] [32m🔄 Cargando comandos desde: E:\Users\briha\Documentos\GitHub\Million-Lords-DsBot\dist\commands\Mlords[39m
[18-12-2025 22:53] [[32minfo[39m] [32mComando cargado: breakcity[39m
[18-12-2025 22:53] [[32minfo[39m] [32mComando cargado: breakdefense[39m
[18-12-2025 22:53] [[32minfo[39m] [32mComando cargado: citywall[39m
[18-12-2025 22:53] [[32minfo[39m] [32mComando cargado: help[39m
[18-12-2025 22:53] [[32minfo[39m] [32mComando cargado: powercalc[39m
[18-12-2025 22:53] [[32minfo[39m] [32m🔁 Registrando 5 comandos (globales)...[39m
[18-12-2025 22:53] [[32minfo[39m] [32m✅ Comandos registrados globalmente.[39m
[18-12-2025 22:53] [[32minfo[39m] [32m🤖 Conectado como MLords#9235 (ID: 1411928144553836726)[39m
[18-12-2025 22:53] [[32minfo[39m] [32mComando ejecutado: citywall | Usuario: _codu | Servidor: Servidor de Codú[39m
[18-12-2025 22:53] [[32minfo[39m] [32m🔄 Cargando eventos desde: E:\Users\briha\Documentos\GitHub\Million-Lords-DsBot\dist\events\discord[39m
[18-12-2025 22:53] [[32minfo[39m] [32mEvento cargado: interactionCreate[39m
[18-12-2025 22:53] [[32minfo[39m] [32mEvento cargado: clientReady[39m
[18-12-2025 22:53] [[32minfo[39m] [32m🔄 Cargando comandos desde: E:\Users\briha\Documentos\GitHub\Million-Lords-DsBot\dist\commands\Mlords[39m
[18-12-2025 22:53] [[32minfo[39m] [32mComando cargado: breakcity[39m
[18-12-2025 22:53] [[32minfo[39m] [32mComando cargado: breakdefense[39m
[18-12-2025 22:53] [[32minfo[39m] [32mComando cargado: citywall[39m
[18-12-2025 22:53] [[32minfo[39m] [32mComando cargado: help[39m
[18-12-2025 22:53] [[32minfo[39m] [32mComando cargado: powercalc[39m
[18-12-2025 22:53] [[32minfo[39m] [32m🔁 Registrando 5 comandos (globales)...[39m
[18-12-2025 22:53] [[32minfo[39m] [32m✅ Comandos registrados globalmente.[39m
[18-12-2025 22:53] [[32minfo[39m] [32m🤖 Conectado como MLords#9235 (ID: 1411928144553836726)[39m
[18-12-2025 22:54] [[32minfo[39m] [32m🔄 Cargando eventos desde: E:\Users\briha\Documentos\GitHub\Million-Lords-DsBot\dist\events\discord[39m
[18-12-2025 22:54] [[32minfo[39m] [32mEvento cargado: interactionCreate[39m
[18-12-2025 22:54] [[32minfo[39m] [32mEvento cargado: clientReady[39m
[18-12-2025 22:54] [[32minfo[39m] [32m🔄 Cargando comandos desde: E:\Users\briha\Documentos\GitHub\Million-Lords-DsBot\dist\commands\Mlords[39m
[18-12-2025 22:54] [[32minfo[39m] [32mComando cargado: breakcity[39m
[18-12-2025 22:54] [[32minfo[39m] [32mComando cargado: breakdefense[39m
[18-12-2025 22:54] [[32minfo[39m] [32mComando cargado: citywall[39m
[18-12-2025 22:54] [[32minfo[39m] [32mComando cargado: help[39m
[18-12-2025 22:54] [[32minfo[39m] [32mComando cargado: powercalc[39m
[18-12-2025 22:54] [[32minfo[39m] [32m🔁 Registrando 5 comandos (globales)...[39m
[18-12-2025 22:54] [[32minfo[39m] [32m✅ Comandos registrados globalmente.[39m
[18-12-2025 22:54] [[32minfo[39m] [32m🤖 Conectado como MLords#9235 (ID: 1411928144553836726)[39m
[18-12-2025 22:54] [[32minfo[39m] [32mComando ejecutado: citywall | Usuario: _codu | Servidor: Servidor de Codú[39m
[18-12-2025 22:54] [[32minfo[39m] [32m🔄 Cargando eventos desde: E:\Users\briha\Documentos\GitHub\Million-Lords-DsBot\dist\events\discord[39m
[18-12-2025 22:54] [[32minfo[39m] [32mEvento cargado: interactionCreate[39m
[18-12-2025 22:54] [[32minfo[39m] [32mEvento cargado: clientReady[39m
[18-12-2025 22:54] [[32minfo[39m] [32m🔄 Cargando comandos desde: E:\Users\briha\Documentos\GitHub\Million-Lords-DsBot\dist\commands\Mlords[39m
[18-12-2025 22:54] [[32minfo[39m] [32mComando cargado: breakcity[39m
[18-12-2025 22:54] [[32minfo[39m] [32mComando cargado: breakdefense[39m
[18-12-2025 22:54] [[32minfo[39m] [32mComando cargado: citywall[39m
[18-12-2025 22:54] [[32minfo[39m] [32mComando cargado: help[39m
[18-12-2025 22:54] [[32minfo[39m] [32mComando cargado: powercalc[39m
[18-12-2025 22:54] [[32minfo[39m] [32m🔁 Registrando 5 comandos (globales)...[39m
[18-12-2025 22:54] [[32minfo[39m] [32m🔄 Cargando eventos desde: E:\Users\briha\Documentos\GitHub\Million-Lords-DsBot\dist\events\discord[39m
[18-12-2025 22:54] [[32minfo[39m] [32mEvento cargado: interactionCreate[39m
[18-12-2025 22:54] [[32minfo[39m] [32mEvento cargado: clientReady[39m
[18-12-2025 22:54] [[32minfo[39m] [32m🔄 Cargando comandos desde: E:\Users\briha\Documentos\GitHub\Million-Lords-DsBot\dist\commands\Mlords[39m
[18-12-2025 22:54] [[32minfo[39m] [32mComando cargado: breakcity[39m
[18-12-2025 22:54] [[32minfo[39m] [32mComando cargado: breakdefense[39m
[18-12-2025 22:54] [[32minfo[39m] [32mComando cargado: citywall[39m
[18-12-2025 22:54] [[32minfo[39m] [32mComando cargado: help[39m
[18-12-2025 22:54] [[32minfo[39m] [32mComando cargado: powercalc[39m
[18-12-2025 22:54] [[32minfo[39m] [32m🔁 Registrando 5 comandos (globales)...[39m
[18-12-2025 22:54] [[32minfo[39m] [32m✅ Comandos registrados globalmente.[39m
[18-12-2025 22:54] [[32minfo[39m] [32m🤖 Conectado como MLords#9235 (ID: 1411928144553836726)[39m
[18-12-2025 22:54] [[32minfo[39m] [32mComando ejecutado: citywall | Usuario: _codu | Servidor: Servidor de Codú[39m
[18-12-2025 22:56] [[32minfo[39m] [32m🔄 Cargando eventos desde: E:\Users\briha\Documentos\GitHub\Million-Lords-DsBot\dist\events\discord[39m
[18-12-2025 22:56] [[32minfo[39m] [32mEvento cargado: interactionCreate[39m
[18-12-2025 22:56] [[32minfo[39m] [32mEvento cargado: clientReady[39m
[18-12-2025 22:56] [[32minfo[39m] [32m🔄 Cargando comandos desde: E:\Users\briha\Documentos\GitHub\Million-Lords-DsBot\dist\commands\Mlords[39m
[18-12-2025 22:56] [[32minfo[39m] [32mComando cargado: breakcity[39m
[18-12-2025 22:56] [[32minfo[39m] [32mComando cargado: breakdefense[39m
[18-12-2025 22:56] [[32minfo[39m] [32mComando cargado: citywall[39m
[18-12-2025 22:56] [[32minfo[39m] [32mComando cargado: help[39m
[18-12-2025 22:56] [[32minfo[39m] [32mComando cargado: powercalc[39m
[18-12-2025 22:56] [[32minfo[39m] [32m🔁 Registrando 5 comandos (globales)...[39m
[18-12-2025 22:56] [[32minfo[39m] [32m✅ Comandos registrados globalmente.[39m
[18-12-2025 22:56] [[32minfo[39m] [32m🤖 Conectado como MLords#9235 (ID: 1411928144553836726)[39m
[18-12-2025 22:56] [[32minfo[39m] [32mComando ejecutado: citywall | Usuario: _codu | Servidor: LEGIONS-BLACK[39m
[18-12-2025 23:11] [[32minfo[39m] [32mComando ejecutado: help | Usuario: _codu | Servidor: Servidor de Codú[39m
[18-12-2025 23:12] [[32minfo[39m] [32mComando ejecutado: powercalc | Usuario: _codu | Servidor: Servidor de Codú[39m
[18-12-2025 23:12] [[32minfo[39m] [32mComando ejecutado: breakcity | Usuario: _codu | Servidor: Servidor de Codú[39m
[18-12-2025 23:13] [[32minfo[39m] [32mComando ejecutado: help | Usuario: _codu | Servidor: LEGIONS-BLACK[39m
[18-12-2025 23:14] [[32minfo[39m] [32mComando ejecutado: citywall | Usuario: sflashcrash. | Servidor: LEGIONS-BLACK[39m
[18-12-2025 23:14] [[32minfo[39m] [32mComando ejecutado: powercalc | Usuario: _codu | Servidor: LEGIONS-BLACK[39m
[18-12-2025 23:15] [[32minfo[39m] [32m🔄 Cargando eventos desde: E:\Users\briha\Documentos\GitHub\Million-Lords-DsBot\dist\events\discord[39m
[18-12-2025 23:15] [[32minfo[39m] [32mEvento cargado: interactionCreate[39m
[18-12-2025 23:15] [[32minfo[39m] [32mEvento cargado: clientReady[39m
[18-12-2025 23:15] [[32minfo[39m] [32m🔄 Cargando comandos desde: E:\Users\briha\Documentos\GitHub\Million-Lords-DsBot\dist\commands\Mlords[39m
[18-12-2025 23:15] [[32minfo[39m] [32mComando cargado: breakcity[39m
[18-12-2025 23:15] [[32minfo[39m] [32mComando cargado: breakdefense[39m
[18-12-2025 23:15] [[32minfo[39m] [32mComando cargado: citywall[39m
[18-12-2025 23:15] [[32minfo[39m] [32mComando cargado: help[39m
[18-12-2025 23:15] [[32minfo[39m] [32mComando cargado: powercalc[39m
[18-12-2025 23:15] [[32minfo[39m] [32m🔁 Registrando 5 comandos (globales)...[39m
[18-12-2025 23:15] [[32minfo[39m] [32m✅ Comandos registrados globalmente.[39m
[18-12-2025 23:15] [[32minfo[39m] [32m🤖 Conectado como MLords#9235 (ID: 1411928144553836726)[39m
[18-12-2025 23:15] [[32minfo[39m] [32mComando ejecutado: powercalc | Usuario: _codu | Servidor: LEGIONS-BLACK[39m
[18-12-2025 23:23] [[32minfo[39m] [32mComando ejecutado: citywall | Usuario: batman9083 | Servidor: LEGIONS-BLACK[39m
[18-12-2025 23:24] [[32minfo[39m] [32mComando ejecutado: breakcity | Usuario: _codu | Servidor: LEGIONS-BLACK[39m
[18-12-2025 23:25] [[32minfo[39m] [32mComando ejecutado: breakdefense | Usuario: _codu | Servidor: LEGIONS-BLACK[39m
[18-12-2025 23:40] [[32minfo[39m] [32m🔄 Cargando eventos desde: E:\Users\briha\Documentos\GitHub\Million-Lords-DsBot\dist\events\discord[39m
[18-12-2025 23:40] [[32minfo[39m] [32mEvento cargado: interactionCreate[39m
[18-12-2025 23:40] [[32minfo[39m] [32mEvento cargado: clientReady[39m
[18-12-2025 23:40] [[32minfo[39m] [32m🔄 Cargando comandos desde: E:\Users\briha\Documentos\GitHub\Million-Lords-DsBot\dist\commands\Mlords[39m
[18-12-2025 23:40] [[32minfo[39m] [32mComando cargado: breakcity[39m
[18-12-2025 23:40] [[32minfo[39m] [32mComando cargado: breakdefense[39m
[18-12-2025 23:40] [[32minfo[39m] [32mComando cargado: citywall[39m
[18-12-2025 23:40] [[32minfo[39m] [32mComando cargado: help[39m
[18-12-2025 23:40] [[32minfo[39m] [32mComando cargado: powercalc[39m
[18-12-2025 23:40] [[32minfo[39m] [32m🔁 Registrando 5 comandos (globales)...[39m
[18-12-2025 23:40] [[32minfo[39m] [32m✅ Comandos registrados globalmente.[39m
[18-12-2025 23:40] [[32minfo[39m] [32m🤖 Conectado como MLords#9235 (ID: 1411928144553836726)[39m
[21-12-2025 16:41] [[32minfo[39m] [32m🔄 Cargando eventos desde: E:\Users\briha\Documentos\GitHub\Million-Lords-DsBot\dist\events\discord[39m
[21-12-2025 16:41] [[32minfo[39m] [32mEvento cargado: interactionCreate[39m
[21-12-2025 16:41] [[32minfo[39m] [32mEvento cargado: clientReady[39m
[21-12-2025 16:41] [[32minfo[39m] [32m🔄 Cargando comandos desde: E:\Users\briha\Documentos\GitHub\Million-Lords-DsBot\dist\commands\Mlords[39m
[21-12-2025 16:41] [[32minfo[39m] [32mComando cargado: breakcity[39m
[21-12-2025 16:41] [[32minfo[39m] [32mComando cargado: breakdefense[39m
[21-12-2025 16:41] [[32minfo[39m] [32mComando cargado: citywall[39m
[21-12-2025 16:41] [[32minfo[39m] [32mComando cargado: help[39m
[21-12-2025 16:41] [[32minfo[39m] [32mComando cargado: powercalc[39m
[21-12-2025 16:41] [[32minfo[39m] [32mComando cargado: upcities[39m
[21-12-2025 16:41] [[32minfo[39m] [32m🔁 Registrando 6 comandos (globales)...[39m
[21-12-2025 16:41] [[32minfo[39m] [32m✅ Comandos registrados globalmente.[39m
[21-12-2025 16:41] [[32minfo[39m] [32m🤖 Conectado como MLords#9235 (ID: 1411928144553836726)[39m
[21-12-2025 16:41] [[32minfo[39m] [32mComando ejecutado: upcities | Usuario: _codu | Servidor: Servidor de Codú[39m
[21-12-2025 16:44] [[32minfo[39m] [32m🔄 Cargando eventos desde: E:\Users\briha\Documentos\GitHub\Million-Lords-DsBot\dist\events\discord[39m
[21-12-2025 16:44] [[32minfo[39m] [32mEvento cargado: interactionCreate[39m
[21-12-2025 16:44] [[32minfo[39m] [32mEvento cargado: clientReady[39m
[21-12-2025 16:44] [[32minfo[39m] [32m🔄 Cargando comandos desde: E:\Users\briha\Documentos\GitHub\Million-Lords-DsBot\dist\commands\Mlords[39m
[21-12-2025 16:44] [[32minfo[39m] [32mComando cargado: breakcity[39m
[21-12-2025 16:44] [[32minfo[39m] [32mComando cargado: breakdefense[39m
[21-12-2025 16:44] [[32minfo[39m] [32mComando cargado: citywall[39m
[21-12-2025 16:44] [[32minfo[39m] [32mComando cargado: help[39m
[21-12-2025 16:44] [[32minfo[39m] [32mComando cargado: powercalc[39m
[21-12-2025 16:44] [[32minfo[39m] [32mComando cargado: upcities[39m
[21-12-2025 16:44] [[32minfo[39m] [32m🔁 Registrando 6 comandos (globales)...[39m
[21-12-2025 16:44] [[32minfo[39m] [32m✅ Comandos registrados globalmente.[39m
[21-12-2025 16:44] [[32minfo[39m] [32m🤖 Conectado como MLords#9235 (ID: 1411928144553836726)[39m
[21-12-2025 16:45] [[32minfo[39m] [32mComando ejecutado: upcities | Usuario: _codu | Servidor: Servidor de Codú[39m
[21-12-2025 16:48] [[32minfo[39m] [32mComando ejecutado: upcities | Usuario: sflashcrash. | Servidor: Servidor de Codú[39m
[21-12-2025 16:49] [[32minfo[39m] [32mComando ejecutado: upcities | Usuario: sflashcrash. | Servidor: Servidor de Codú[39m
[21-12-2025 16:53] [[32minfo[39m] [32m🔄 Cargando eventos desde: E:\Users\briha\Documentos\GitHub\Million-Lords-DsBot\dist\events\discord[39m
[21-12-2025 16:53] [[32minfo[39m] [32mEvento cargado: interactionCreate[39m
[21-12-2025 16:53] [[32minfo[39m] [32mEvento cargado: clientReady[39m
[21-12-2025 16:53] [[32minfo[39m] [32m🔄 Cargando comandos desde: E:\Users\briha\Documentos\GitHub\Million-Lords-DsBot\dist\commands\Mlords[39m
[21-12-2025 16:53] [[32minfo[39m] [32mComando cargado: breakcity[39m
[21-12-2025 16:53] [[32minfo[39m] [32mComando cargado: breakdefense[39m
[21-12-2025 16:53] [[32minfo[39m] [32mComando cargado: citywall[39m
[21-12-2025 16:53] [[32minfo[39m] [32mComando cargado: help[39m
[21-12-2025 16:53] [[32minfo[39m] [32mComando cargado: powercalc[39m
[21-12-2025 16:53] [[32minfo[39m] [32mComando cargado: upcities[39m
[21-12-2025 16:53] [[32minfo[39m] [32m🔁 Registrando 6 comandos (globales)...[39m
[21-12-2025 16:53] [[32minfo[39m] [32m✅ Comandos registrados globalmente.[39m
[21-12-2025 16:53] [[32minfo[39m] [32m🤖 Conectado como MLords#9235 (ID: 1411928144553836726)[39m
[21-12-2025 16:53] [[32minfo[39m] [32m🔄 Cargando eventos desde: E:\Users\briha\Documentos\GitHub\Million-Lords-DsBot\dist\events\discord[39m
[21-12-2025 16:53] [[32minfo[39m] [32mEvento cargado: interactionCreate[39m
[21-12-2025 16:53] [[32minfo[39m] [32mEvento cargado: clientReady[39m
[21-12-2025 16:53] [[32minfo[39m] [32m🔄 Cargando comandos desde: E:\Users\briha\Documentos\GitHub\Million-Lords-DsBot\dist\commands\Mlords[39m
[21-12-2025 16:53] [[32minfo[39m] [32mComando cargado: breakcity[39m
[21-12-2025 16:53] [[32minfo[39m] [32mComando cargado: breakdefense[39m
[21-12-2025 16:53] [[32minfo[39m] [32mComando cargado: citywall[39m
[21-12-2025 16:53] [[32minfo[39m] [32mComando cargado: help[39m
[21-12-2025 16:53] [[32minfo[39m] [32mComando cargado: powercalc[39m
[21-12-2025 16:53] [[32minfo[39m] [32mComando cargado: upcities[39m
[21-12-2025 16:53] [[32minfo[39m] [32m🔁 Registrando 6 comandos (globales)...[39m
[21-12-2025 16:54] [[32minfo[39m] [32m✅ Comandos registrados globalmente.[39m
[21-12-2025 16:54] [[32minfo[39m] [32m🤖 Conectado como MLords#9235 (ID: 1411928144553836726)[39m
[21-12-2025 16:54] [[32minfo[39m] [32mComando ejecutado: upcities | Usuario: _codu | Servidor: Servidor de Codú[39m
[21-12-2025 16:54] [[32minfo[39m] [32mComando ejecutado: citywall | Usuario: _codu | Servidor: Servidor de Codú[39m
[21-12-2025 16:55] [[32minfo[39m] [32m🔄 Cargando eventos desde: E:\Users\briha\Documentos\GitHub\Million-Lords-DsBot\dist\events\discord[39m
[21-12-2025 16:55] [[32minfo[39m] [32mEvento cargado: interactionCreate[39m
[21-12-2025 16:55] [[32minfo[39m] [32mEvento cargado: clientReady[39m
[21-12-2025 16:55] [[32minfo[39m] [32m🔄 Cargando comandos desde: E:\Users\briha\Documentos\GitHub\Million-Lords-DsBot\dist\commands\Mlords[39m
[21-12-2025 16:55] [[32minfo[39m] [32mComando cargado: breakcity[39m
[21-12-2025 16:55] [[32minfo[39m] [32mComando cargado: breakdefense[39m
[21-12-2025 16:55] [[32minfo[39m] [32mComando cargado: citywall[39m
[21-12-2025 16:55] [[32minfo[39m] [32mComando cargado: help[39m
[21-12-2025 16:55] [[32minfo[39m] [32mComando cargado: powercalc[39m
[21-12-2025 16:55] [[32minfo[39m] [32mComando cargado: upcities[39m
[21-12-2025 16:55] [[32minfo[39m] [32m🔁 Registrando 6 comandos (globales)...[39m
[21-12-2025 16:55] [[32minfo[39m] [32m✅ Comandos registrados globalmente.[39m
[21-12-2025 16:55] [[32minfo[39m] [32m🤖 Conectado como MLords#9235 (ID: 1411928144553836726)[39m
[21-12-2025 16:56] [[32minfo[39m] [32mComando ejecutado: upcities | Usuario: _codu | Servidor: Servidor de Codú[39m
[21-12-2025 16:57] [[32minfo[39m] [32m🔄 Cargando eventos desde: E:\Users\briha\Documentos\GitHub\Million-Lords-DsBot\dist\events\discord[39m
[21-12-2025 16:57] [[32minfo[39m] [32mEvento cargado: interactionCreate[39m
[21-12-2025 16:57] [[32minfo[39m] [32mEvento cargado: clientReady[39m
[21-12-2025 16:57] [[32minfo[39m] [32m🔄 Cargando comandos desde: E:\Users\briha\Documentos\GitHub\Million-Lords-DsBot\dist\commands\Mlords[39m
[21-12-2025 16:57] [[32minfo[39m] [32mComando cargado: breakcity[39m
[21-12-2025 16:57] [[32minfo[39m] [32mComando cargado: breakdefense[39m
[21-12-2025 16:57] [[32minfo[39m] [32mComando cargado: citywall[39m
[21-12-2025 16:57] [[32minfo[39m] [32mComando cargado: help[39m
[21-12-2025 16:57] [[32minfo[39m] [32mComando cargado: powercalc[39m
[21-12-2025 16:57] [[32minfo[39m] [32mComando cargado: upcities[39m
[21-12-2025 16:57] [[32minfo[39m] [32m🔁 Registrando 6 comandos (globales)...[39m
[21-12-2025 16:57] [[32minfo[39m] [32m✅ Comandos registrados globalmente.[39m
[21-12-2025 16:57] [[32minfo[39m] [32m🤖 Conectado como MLords#9235 (ID: 1411928144553836726)[39m
[21-12-2025 16:57] [[32minfo[39m] [32mComando ejecutado: upcities | Usuario: _codu | Servidor: Servidor de Codú[39m
[21-12-2025 16:58] [[32minfo[39m] [32m🔄 Cargando eventos desde: E:\Users\briha\Documentos\GitHub\Million-Lords-DsBot\dist\events\discord[39m
[21-12-2025 16:58] [[32minfo[39m] [32mEvento cargado: interactionCreate[39m
[21-12-2025 16:58] [[32minfo[39m] [32mEvento cargado: clientReady[39m
[21-12-2025 16:58] [[32minfo[39m] [32m🔄 Cargando comandos desde: E:\Users\briha\Documentos\GitHub\Million-Lords-DsBot\dist\commands\Mlords[39m
[21-12-2025 16:58] [[32minfo[39m] [32mComando cargado: breakcity[39m
[21-12-2025 16:58] [[32minfo[39m] [32mComando cargado: breakdefense[39m
[21-12-2025 16:58] [[32minfo[39m] [32mComando cargado: citywall[39m
[21-12-2025 16:58] [[32minfo[39m] [32mComando cargado: help[39m
[21-12-2025 16:58] [[32minfo[39m] [32mComando cargado: powercalc[39m
[21-12-2025 16:58] [[32minfo[39m] [32mComando cargado: upcities[39m
[21-12-2025 16:58] [[32minfo[39m] [32m🔁 Registrando 6 comandos (globales)...[39m
[21-12-2025 16:58] [[32minfo[39m] [32m✅ Comandos registrados globalmente.[39m
[21-12-2025 16:58] [[32minfo[39m] [32m🤖 Conectado como MLords#9235 (ID: 1411928144553836726)[39m
[21-12-2025 16:58] [[32minfo[39m] [32mComando ejecutado: upcities | Usuario: _codu | Servidor: Servidor de Codú[39m
[21-12-2025 16:58] [[32minfo[39m] [32m🔄 Cargando eventos desde: E:\Users\briha\Documentos\GitHub\Million-Lords-DsBot\dist\events\discord[39m
[21-12-2025 16:58] [[32minfo[39m] [32mEvento cargado: interactionCreate[39m
[21-12-2025 16:58] [[32minfo[39m] [32mEvento cargado: clientReady[39m
[21-12-2025 16:58] [[32minfo[39m] [32m🔄 Cargando comandos desde: E:\Users\briha\Documentos\GitHub\Million-Lords-DsBot\dist\commands\Mlords[39m
[21-12-2025 16:58] [[32minfo[39m] [32mComando cargado: breakcity[39m
[21-12-2025 16:58] [[32minfo[39m] [32mComando cargado: breakdefense[39m
[21-12-2025 16:58] [[32minfo[39m] [32mComando cargado: citywall[39m
[21-12-2025 16:58] [[32minfo[39m] [32mComando cargado: help[39m
[21-12-2025 16:58] [[32minfo[39m] [32mComando cargado: powercalc[39m
[21-12-2025 16:58] [[32minfo[39m] [32mComando cargado: upcities[39m
[21-12-2025 16:58] [[32minfo[39m] [32m🔁 Registrando 6 comandos (globales)...[39m
[21-12-2025 16:58] [[32minfo[39m] [32m✅ Comandos registrados globalmente.[39m
[21-12-2025 16:58] [[32minfo[39m] [32m🤖 Conectado como MLords#9235 (ID: 1411928144553836726)[39m
[21-12-2025 16:58] [[32minfo[39m] [32mComando ejecutado: upcities | Usuario: _codu | Servidor: Servidor de Codú[39m
[21-12-2025 16:59] [[32minfo[39m] [32m🔄 Cargando eventos desde: E:\Users\briha\Documentos\GitHub\Million-Lords-DsBot\dist\events\discord[39m
[21-12-2025 16:59] [[32minfo[39m] [32mEvento cargado: interactionCreate[39m
[21-12-2025 16:59] [[32minfo[39m] [32mEvento cargado: clientReady[39m
[21-12-2025 16:59] [[32minfo[39m] [32m🔄 Cargando comandos desde: E:\Users\briha\Documentos\GitHub\Million-Lords-DsBot\dist\commands\Mlords[39m
[21-12-2025 16:59] [[32minfo[39m] [32mComando cargado: breakcity[39m
[21-12-2025 16:59] [[32minfo[39m] [32mComando cargado: breakdefense[39m
[21-12-2025 16:59] [[32minfo[39m] [32mComando cargado: citywall[39m
[21-12-2025 16:59] [[32minfo[39m] [32mComando cargado: help[39m
[21-12-2025 16:59] [[32minfo[39m] [32mComando cargado: powercalc[39m
[21-12-2025 16:59] [[32minfo[39m] [32mComando cargado: upcities[39m
[21-12-2025 16:59] [[32minfo[39m] [32m🔁 Registrando 6 comandos (globales)...[39m
[21-12-2025 16:59] [[32minfo[39m] [32m✅ Comandos registrados globalmente.[39m
[21-12-2025 16:59] [[32minfo[39m] [32m🤖 Conectado como MLords#9235 (ID: 1411928144553836726)[39m
[21-12-2025 16:59] [[32minfo[39m] [32m🔄 Cargando eventos desde: E:\Users\briha\Documentos\GitHub\Million-Lords-DsBot\dist\events\discord[39m
[21-12-2025 16:59] [[32minfo[39m] [32mEvento cargado: interactionCreate[39m
[21-12-2025 16:59] [[32minfo[39m] [32mEvento cargado: clientReady[39m
[21-12-2025 16:59] [[32minfo[39m] [32m🔄 Cargando comandos desde: E:\Users\briha\Documentos\GitHub\Million-Lords-DsBot\dist\commands\Mlords[39m
[21-12-2025 16:59] [[32minfo[39m] [32mComando cargado: breakcity[39m
[21-12-2025 16:59] [[32minfo[39m] [32mComando cargado: breakdefense[39m
[21-12-2025 16:59] [[32minfo[39m] [32mComando cargado: citywall[39m
[21-12-2025 16:59] [[32minfo[39m] [32mComando cargado: help[39m
[21-12-2025 16:59] [[32minfo[39m] [32mComando cargado: powercalc[39m
[21-12-2025 16:59] [[32minfo[39m] [32mComando cargado: upcities[39m
[21-12-2025 16:59] [[32minfo[39m] [32m🔁 Registrando 6 comandos (globales)...[39m
[21-12-2025 16:59] [[32minfo[39m] [32m✅ Comandos registrados globalmente.[39m
[21-12-2025 16:59] [[32minfo[39m] [32m🤖 Conectado como MLords#9235 (ID: 1411928144553836726)[39m
[21-12-2025 16:59] [[32minfo[39m] [32mComando ejecutado: upcities | Usuario: _codu | Servidor: Servidor de Codú[39m
[21-12-2025 17:01] [[32minfo[39m] [32m🔄 Cargando eventos desde: E:\Users\briha\Documentos\GitHub\Million-Lords-DsBot\dist\events\discord[39m
[21-12-2025 17:01] [[32minfo[39m] [32mEvento cargado: interactionCreate[39m
[21-12-2025 17:01] [[32minfo[39m] [32mEvento cargado: clientReady[39m
[21-12-2025 17:01] [[32minfo[39m] [32m🔄 Cargando comandos desde: E:\Users\briha\Documentos\GitHub\Million-Lords-DsBot\dist\commands\Mlords[39m
[21-12-2025 17:01] [[32minfo[39m] [32mComando cargado: breakcity[39m
[21-12-2025 17:01] [[32minfo[39m] [32mComando cargado: breakdefense[39m
[21-12-2025 17:01] [[32minfo[39m] [32mComando cargado: citywall[39m
[21-12-2025 17:01] [[32minfo[39m] [32mComando cargado: help[39m
[21-12-2025 17:01] [[32minfo[39m] [32mComando cargado: powercalc[39m
[21-12-2025 17:01] [[32minfo[39m] [32mComando cargado: upcities[39m
[21-12-2025 17:01] [[32minfo[39m] [32m🔁 Registrando 6 comandos (globales)...[39m
[21-12-2025 17:01] [[32minfo[39m] [32m✅ Comandos registrados globalmente.[39m
[21-12-2025 17:01] [[32minfo[39m] [32m🤖 Conectado como MLords#9235 (ID: 1411928144553836726)[39m
[21-12-2025 17:01] [[32minfo[39m] [32mComando ejecutado: upcities | Usuario: _codu | Servidor: Servidor de Codú[39m
[21-12-2025 17:02] [[32minfo[39m] [32mComando ejecutado: upcities | Usuario: _codu | Servidor: Servidor de Codú[39m
[21-12-2025 17:02] [[32minfo[39m] [32mComando ejecutado: citywall | Usuario: _codu | Servidor: Servidor de Codú[39m
[21-12-2025 17:02] [[32minfo[39m] [32mComando ejecutado: citywall | Usuario: _codu | Servidor: Servidor de Codú[39m
[21-12-2025 17:03] [[32minfo[39m] [32m🔄 Cargando eventos desde: E:\Users\briha\Documentos\GitHub\Million-Lords-DsBot\dist\events\discord[39m
[21-12-2025 17:03] [[32minfo[39m] [32mEvento cargado: interactionCreate[39m
[21-12-2025 17:03] [[32minfo[39m] [32mEvento cargado: clientReady[39m
[21-12-2025 17:03] [[32minfo[39m] [32m🔄 Cargando comandos desde: E:\Users\briha\Documentos\GitHub\Million-Lords-DsBot\dist\commands\Mlords[39m
[21-12-2025 17:03] [[32minfo[39m] [32mComando cargado: breakcity[39m
[21-12-2025 17:03] [[32minfo[39m] [32mComando cargado: breakdefense[39m
[21-12-2025 17:03] [[32minfo[39m] [32mComando cargado: citywall[39m
[21-12-2025 17:03] [[32minfo[39m] [32mComando cargado: help[39m
[21-12-2025 17:03] [[32minfo[39m] [32mComando cargado: powercalc[39m
[21-12-2025 17:03] [[32minfo[39m] [32mComando cargado: upcities[39m
[21-12-2025 17:03] [[32minfo[39m] [32m🔁 Registrando 6 comandos (globales)...[39m
[21-12-2025 17:03] [[32minfo[39m] [32m✅ Comandos registrados globalmente.[39m
[21-12-2025 17:03] [[32minfo[39m] [32m🤖 Conectado como MLords#9235 (ID: 1411928144553836726)[39m
[21-12-2025 17:03] [[32minfo[39m] [32mComando ejecutado: upcities | Usuario: _codu | Servidor: Servidor de Codú[39m
[21-12-2025 17:05] [[32minfo[39m] [32m🔄 Cargando eventos desde: E:\Users\briha\Documentos\GitHub\Million-Lords-DsBot\dist\events\discord[39m
[21-12-2025 17:05] [[32minfo[39m] [32mEvento cargado: interactionCreate[39m
[21-12-2025 17:05] [[32minfo[39m] [32mEvento cargado: clientReady[39m
[21-12-2025 17:05] [[32minfo[39m] [32m🔄 Cargando comandos desde: E:\Users\briha\Documentos\GitHub\Million-Lords-DsBot\dist\commands\Mlords[39m
[21-12-2025 17:05] [[32minfo[39m] [32mComando cargado: breakcity[39m
[21-12-2025 17:05] [[32minfo[39m] [32mComando cargado: breakdefense[39m
[21-12-2025 17:05] [[32minfo[39m] [32mComando cargado: citywall[39m
[21-12-2025 17:05] [[32minfo[39m] [32mComando cargado: help[39m
[21-12-2025 17:05] [[32minfo[39m] [32mComando cargado: powercalc[39m
[21-12-2025 17:05] [[32minfo[39m] [32mComando cargado: upcities[39m
[21-12-2025 17:05] [[32minfo[39m] [32m🔁 Registrando 6 comandos (globales)...[39m
[21-12-2025 17:05] [[32minfo[39m] [32m✅ Comandos registrados globalmente.[39m
[21-12-2025 17:05] [[32minfo[39m] [32m🤖 Conectado como MLords#9235 (ID: 1411928144553836726)[39m
[21-12-2025 17:10] [[32minfo[39m] [32m🔄 Cargando eventos desde: E:\Users\briha\Documentos\GitHub\Million-Lords-DsBot\dist\events\discord[39m
[21-12-2025 17:10] [[32minfo[39m] [32mEvento cargado: interactionCreate[39m
[21-12-2025 17:10] [[32minfo[39m] [32mEvento cargado: clientReady[39m
[21-12-2025 17:10] [[32minfo[39m] [32m🔄 Cargando comandos desde: E:\Users\briha\Documentos\GitHub\Million-Lords-DsBot\dist\commands\Mlords[39m
[21-12-2025 17:10] [[32minfo[39m] [32mComando cargado: breakcity[39m
[21-12-2025 17:10] [[32minfo[39m] [32mComando cargado: breakdefense[39m
[21-12-2025 17:10] [[32minfo[39m] [32mComando cargado: citywall[39m
[21-12-2025 17:10] [[32minfo[39m] [32mComando cargado: help[39m
[21-12-2025 17:10] [[32minfo[39m] [32mComando cargado: powercalc[39m
[21-12-2025 17:10] [[32minfo[39m] [32mComando cargado: upcities[39m
[21-12-2025 17:10] [[32minfo[39m] [32m🔁 Registrando 6 comandos (globales)...[39m
[21-12-2025 17:10] [[32minfo[39m] [32m✅ Comandos registrados globalmente.[39m
[21-12-2025 17:10] [[32minfo[39m] [32m🤖 Conectado como MLords#9235 (ID: 1411928144553836726)[39m
[21-12-2025 17:10] [[35mdebug[39m] [35m[[39m
[35m  { level: 1, vp: '20', wall: '70', upgradeCost: '0', totalCost: '0' },[39m
[35m  {[39m
[35m    level: 2,[39m
[35m    vp: '22',[39m
[35m    wall: '84',[39m
[35m    upgradeCost: '10',[39m
[35m    totalCost: '10'[39m
[35m  },[39m
[35m  {[39m
[35m    level: 3,[39m
[35m    vp: '24',[39m
[35m    wall: '101',[39m
[35m    upgradeCost: '12',[39m
[35m    totalCost: '22'[39m
[35m  },[39m
[35m  {[39m
[35m    level: 4,[39m
[35m    vp: '27',[39m
[35m    wall: '121',[39m
[35m    upgradeCost: '14',[39m
[35m    totalCost: '36'[39m
[35m  },[39m
[35m  {[39m
[35m    level: 5,[39m
[35m    vp: '30',[39m
[35m    wall: '145',[39m
[35m    upgradeCost: '17',[39m
[35m    totalCost: '53'[39m
[35m  }[39m
[35m][39m
[21-12-2025 17:10] [[32minfo[39m] [32mComando ejecutado: upcities | Usuario: _codu | Servidor: Servidor de Codú[39m
[21-12-2025 17:14] [[35mdebug[39m] [35m[[39m
[35m  { level: 1, vp: '20', wall: '70', upgradeCost: '0', totalCost: '0' },[39m
[35m  {[39m
[35m    level: 2,[39m
[35m    vp: '22',[39m
[35m    wall: '84',[39m
[35m    upgradeCost: '10',[39m
[35m    totalCost: '10'[39m
[35m  },[39m
[35m  {[39m
[35m    level: 3,[39m
[35m    vp: '24',[39m
[35m    wall: '101',[39m
[35m    upgradeCost: '12',[39m
[35m    totalCost: '22'[39m
[35m  },[39m
[35m  {[39m
[35m    level: 4,[39m
[35m    vp: '27',[39m
[35m    wall: '121',[39m
[35m    upgradeCost: '14',[39m
[35m    totalCost: '36'[39m
[35m  },[39m
[35m  {[39m
[35m    level: 5,[39m
[35m    vp: '30',[39m
[35m    wall: '145',[39m
[35m    upgradeCost: '17',[39m
[35m    totalCost: '53'[39m
[35m  }[39m
[35m][39m
[21-12-2025 17:14] [[32minfo[39m] [32mComando ejecutado: upcities | Usuario: _codu | Servidor: Servidor de Codú[39m
[21-12-2025 17:20] [[32minfo[39m] [32m🔄 Cargando eventos desde: E:\Users\briha\Documentos\GitHub\Million-Lords-DsBot\dist\events\discord[39m
[21-12-2025 17:20] [[32minfo[39m] [32mEvento cargado: interactionCreate[39m
[21-12-2025 17:20] [[32minfo[39m] [32mEvento cargado: clientReady[39m
[21-12-2025 17:20] [[32minfo[39m] [32m🔄 Cargando comandos desde: E:\Users\briha\Documentos\GitHub\Million-Lords-DsBot\dist\commands\Mlords[39m
[21-12-2025 17:20] [[32minfo[39m] [32mComando cargado: breakcity[39m
[21-12-2025 17:20] [[32minfo[39m] [32mComando cargado: breakdefense[39m
[21-12-2025 17:20] [[32minfo[39m] [32mComando cargado: citywall[39m
[21-12-2025 17:20] [[32minfo[39m] [32mComando cargado: help[39m
[21-12-2025 17:20] [[32minfo[39m] [32mComando cargado: powercalc[39m
[21-12-2025 17:20] [[32minfo[39m] [32mComando cargado: upcities[39m
[21-12-2025 17:20] [[32minfo[39m] [32m🔁 Registrando 6 comandos (globales)...[39m
[21-12-2025 17:20] [[32minfo[39m] [32m✅ Comandos registrados globalmente.[39m
[21-12-2025 17:20] [[32minfo[39m] [32m🤖 Conectado como MLords#9235 (ID: 1411928144553836726)[39m
[21-12-2025 17:20] [[35mdebug[39m] [35m[[39m
[35m  { level: 1, vp: '20', wall: '70', upgradeCost: '0', totalCost: '0' },[39m
[35m  {[39m
[35m    level: 2,[39m
[35m    vp: '22',[39m
[35m    wall: '84',[39m
[35m    upgradeCost: '10',[39m
[35m    totalCost: '10'[39m
[35m  },[39m
[35m  {[39m
[35m    level: 3,[39m
[35m    vp: '24',[39m
[35m    wall: '101',[39m
[35m    upgradeCost: '12',[39m
[35m    totalCost: '22'[39m
[35m  },[39m
[35m  {[39m
[35m    level: 4,[39m
[35m    vp: '27',[39m
[35m    wall: '121',[39m
[35m    upgradeCost: '14',[39m
[35m    totalCost: '36'[39m
[35m  },[39m
[35m  {[39m
[35m    level: 5,[39m
[35m    vp: '30',[39m
[35m    wall: '145',[39m
[35m    upgradeCost: '17',[39m
[35m    totalCost: '53'[39m
[35m  },[39m
[35m  {[39m
[35m    level: 6,[39m
[35m    vp: '34',[39m
[35m    wall: '174',[39m
[35m    upgradeCost: '21',[39m
[35m    totalCost: '74'[39m
[35m  }[39m
[35m][39m
[21-12-2025 17:20] [[32minfo[39m] [32mComando ejecutado: upcities | Usuario: _codu | Servidor: Servidor de Codú[39m
[21-12-2025 17:23] [[35mdebug[39m] [35m[[39m
[35m  { level: 1, vp: '20', wall: '70', upgradeCost: '0', totalCost: '0' },[39m
[35m  {[39m
[35m    level: 2,[39m
[35m    vp: '22',[39m
[35m    wall: '84',[39m
[35m    upgradeCost: '10',[39m
[35m    totalCost: '10'[39m
[35m  },[39m
[35m  {[39m
[35m    level: 3,[39m
[35m    vp: '24',[39m
[35m    wall: '101',[39m
[35m    upgradeCost: '12',[39m
[35m    totalCost: '22'[39m
[35m  },[39m
[35m  {[39m
[35m    level: 4,[39m
[35m    vp: '27',[39m
[35m    wall: '121',[39m
[35m    upgradeCost: '14',[39m
[35m    totalCost: '36'[39m
[35m  },[39m
[35m  {[39m
[35m    level: 5,[39m
[35m    vp: '30',[39m
[35m    wall: '145',[39m
[35m    upgradeCost: '17',[39m
[35m    totalCost: '53'[39m
[35m  },[39m
[35m  {[39m
[35m    level: 6,[39m
[35m    vp: '34',[39m
[35m    wall: '174',[39m
[35m    upgradeCost: '21',[39m
[35m    totalCost: '74'[39m
[35m  }[39m
[35m][39m
[21-12-2025 17:23] [[32minfo[39m] [32mComando ejecutado: upcities | Usuario: _codu | Servidor: Servidor de Codú[39m
[21-12-2025 17:23] [[32minfo[39m] [32m🔄 Cargando eventos desde: E:\Users\briha\Documentos\GitHub\Million-Lords-DsBot\dist\events\discord[39m
[21-12-2025 17:23] [[32minfo[39m] [32mEvento cargado: interactionCreate[39m
[21-12-2025 17:23] [[32minfo[39m] [32mEvento cargado: clientReady[39m
[21-12-2025 17:23] [[32minfo[39m] [32m🔄 Cargando comandos desde: E:\Users\briha\Documentos\GitHub\Million-Lords-DsBot\dist\commands\Mlords[39m
[21-12-2025 17:23] [[32minfo[39m] [32mComando cargado: breakcity[39m
[21-12-2025 17:23] [[32minfo[39m] [32mComando cargado: breakdefense[39m
[21-12-2025 17:23] [[32minfo[39m] [32mComando cargado: citywall[39m
[21-12-2025 17:23] [[32minfo[39m] [32mComando cargado: help[39m
[21-12-2025 17:23] [[32minfo[39m] [32mComando cargado: powercalc[39m
[21-12-2025 17:23] [[32minfo[39m] [32mComando cargado: upcities[39m
[21-12-2025 17:23] [[32minfo[39m] [32m🔁 Registrando 6 comandos (globales)...[39m
[21-12-2025 17:23] [[32minfo[39m] [32m✅ Comandos registrados globalmente.[39m
[21-12-2025 17:23] [[32minfo[39m] [32m🤖 Conectado como MLords#9235 (ID: 1411928144553836726)[39m
[21-12-2025 17:23] [[35mdebug[39m] [35m[[39m
[35m  { level: 1, vp: '20', wall: '70', upgradeCost: '0', totalCost: '0' },[39m
[35m  {[39m
[35m    level: 2,[39m
[35m    vp: '22',[39m
[35m    wall: '84',[39m
[35m    upgradeCost: '10',[39m
[35m    totalCost: '10'[39m
[35m  },[39m
[35m  {[39m
[35m    level: 3,[39m
[35m    vp: '24',[39m
[35m    wall: '101',[39m
[35m    upgradeCost: '12',[39m
[35m    totalCost: '22'[39m
[35m  },[39m
[35m  {[39m
[35m    level: 4,[39m
[35m    vp: '27',[39m
[35m    wall: '121',[39m
[35m    upgradeCost: '14',[39m
[35m    totalCost: '36'[39m
[35m  },[39m
[35m  {[39m
[35m    level: 5,[39m
[35m    vp: '30',[39m
[35m    wall: '145',[39m
[35m    upgradeCost: '17',[39m
[35m    totalCost: '53'[39m
[35m  }[39m
[35m][39m
[21-12-2025 17:23] [[32minfo[39m] [32mComando ejecutado: upcities | Usuario: _codu | Servidor: Servidor de Codú[39m
[21-12-2025 17:23] [[35mdebug[39m] [35m[[39m
[35m  { level: 1, vp: '20', wall: '70', upgradeCost: '0', totalCost: '0' },[39m
[35m  {[39m
[35m    level: 2,[39m
[35m    vp: '22',[39m
[35m    wall: '84',[39m
[35m    upgradeCost: '10',[39m
[35m    totalCost: '10'[39m
[35m  },[39m
[35m  {[39m
[35m    level: 3,[39m
[35m    vp: '24',[39m
[35m    wall: '101',[39m
[35m    upgradeCost: '12',[39m
[35m    totalCost: '22'[39m
[35m  },[39m
[35m  {[39m
[35m    level: 4,[39m
[35m    vp: '27',[39m
[35m    wall: '121',[39m
[35m    upgradeCost: '14',[39m
[35m    totalCost: '36'[39m
[35m  },[39m
[35m  {[39m
[35m    level: 5,[39m
[35m    vp: '30',[39m
[35m    wall: '145',[39m
[35m    upgradeCost: '17',[39m
[35m    totalCost: '53'[39m
[35m  },[39m
[35m  {[39m
[35m    level: 6,[39m
[35m    vp: '34',[39m
[35m    wall: '174',[39m
[35m    upgradeCost: '21',[39m
[35m    totalCost: '74'[39m
[35m  },[39m
[35m  {[39m
[35m    level: 7,[39m
[35m    vp: '38',[39m
[35m    wall: '209',[39m
[35m    upgradeCost: '25',[39m
[35m    totalCost: '99'[39m
[35m  },[39m
[35m  {[39m
[35m    level: 8,[39m
[35m    vp: '42',[39m
[35m    wall: '251',[39m
[35m    upgradeCost: '30',[39m
[35m    totalCost: '129'[39m
[35m  },[39m
[35m  {[39m
[35m    level: 9,[39m
[35m    vp: '47',[39m
[35m    wall: '301',[39m
[35m    upgradeCost: '36',[39m
[35m    totalCost: '165'[39m
[35m  },[39m
[35m  {[39m
[35m    level: 10,[39m
[35m    vp: '53',[39m
[35m    wall: '361',[39m
[35m    upgradeCost: '43',[39m
[35m    totalCost: '208'[39m
[35m  },[39m
[35m  {[39m
[35m    level: 11,[39m
[35m    vp: '59',[39m
[35m    wall: '433',[39m
[35m    upgradeCost: '52',[39m
[35m    totalCost: '260'[39m
[35m  },[39m
[35m  {[39m
[35m    level: 12,[39m
[35m    vp: '66',[39m
[35m    wall: '520',[39m
[35m    upgradeCost: '62',[39m
[35m    totalCost: '322'[39m
[35m  },[39m
[35m  {[39m
[35m    level: 13,[39m
[35m    vp: '73',[39m
[35m    wall: '624',[39m
[35m    upgradeCost: '74',[39m
[35m    totalCost: '396'[39m
[35m  },[39m
[35m  {[39m
[35m    level: 14,[39m
[35m    vp: '82',[39m
[35m    wall: '749',[39m
[35m    upgradeCost: '89',[39m
[35m    totalCost: '485'[39m
[35m  },[39m
[35m  {[39m
[35m    level: 15,[39m
[35m    vp: '91',[39m
[35m    wall: '899',[39m
[35m    upgradeCost: '106',[39m
[35m    totalCost: '591'[39m
[35m  },[39m
[35m  {[39m
[35m    level: 16,[39m
[35m    vp: '102',[39m
[35m    wall: '1.07K',[39m
[35m    upgradeCost: '128',[39m
[35m    totalCost: '719'[39m
[35m  },[39m
[35m  {[39m
[35m    level: 17,[39m
[35m    vp: '114',[39m
[35m    wall: '1.29K',[39m
[35m    upgradeCost: '154',[39m
[35m    totalCost: '873'[39m
[35m  },[39m
[35m  {[39m
[35m    level: 18,[39m
[35m    vp: '127',[39m
[35m    wall: '1.55K',[39m
[35m    upgradeCost: '184',[39m
[35m    totalCost: '1.05K'[39m
[35m  },[39m
[35m  {[39m
[35m    level: 19,[39m
[35m    vp: '141',[39m
[35m    wall: '1.86K',[39m
[35m    upgradeCost: '221',[39m
[35m    totalCost: '1.27K'[39m
[35m  },[39m
[35m  {[39m
[35m    level: 20,[39m
[35m    vp: '158',[39m
[35m    wall: '2.23K',[39m
[35m    upgradeCost: '266',[39m
[35m    totalCost: '1.54K'[39m
[35m  },[39m
[35m  {[39m
[35m    level: 21,[39m
[35m    vp: '176',[39m
[35m    wall: '2.68K',[39m
[35m    upgradeCost: '319',[39m
[35m    totalCost: '1.86K'[39m
[35m  },[39m
[35m  {[39m
[35m    level: 22,[39m
[35m    vp: '196',[39m
[35m    wall: '3.21K',[39m
[35m    upgradeCost: '383',[39m
[35m    totalCost: '2.24K'[39m
[35m  },[39m
[35m  {[39m
[35m    level: 23,[39m
[35m    vp: '219',[39m
[35m    wall: '3.86K',[39m
[35m    upgradeCost: '460',[39m
[35m    totalCost: '2.70K'[39m
[35m  },[39m
[35m  {[39m
[35m    level: 24,[39m
[35m    vp: '244',[39m
[35m    wall: '4.63K',[39m
[35m    upgradeCost: '552',[39m
[35m    totalCost: '3.25K'[39m
[35m  },[39m
[35m  {[39m
[35m    level: 25,[39m
[35m    vp: '272',[39m
[35m    wall: '5.56K',[39m
[35m    upgradeCost: '662',[39m
[35m    totalCost: '3.92K'[39m
[35m  },[39m
[35m  {[39m
[35m    level: 26,[39m
[35m    vp: '304',[39m
[35m    wall: '6.67K',[39m
[35m    upgradeCost: '794',[39m
[35m    totalCost: '4.71K'[39m
[35m  },[39m
[35m  {[39m
[35m    level: 27,[39m
[35m    vp: '338',[39m
[35m    wall: '8.01K',[39m
[35m    upgradeCost: '953',[39m
[35m    totalCost: '5.56K'[39m
[35m  },[39m
[35m  {[39m
[35m    level: 28,[39m
[35m    vp: '377',[39m
[35m    wall: '9.61K',[39m
[35m    upgradeCost: '1.14K',[39m
[35m    totalCost: '6.81K'[39m
[35m  },[39m
[35m  {[39m
[35m    level: 29,[39m
[35m    vp: '421',[39m
[35m    wall: '11.5K',[39m
[35m    upgradeCost: '1.37K',[39m
[35m    totalCost: '8.18K'[39m
[35m  },[39m
[35m  {[39m
[35m    level: 30,[39m
[35m    vp: '469',[39m
[35m    wall: '13.8K',[39m
[35m    upgradeCost: '1.64K',[39m
[35m    totalCost: '9.82K'[39m
[35m  },[39m
[35m  {[39m
[35m    level: 31,[39m
[35m    vp: '523',[39m
[35m    wall: '16.6K',[39m
[35m    upgradeCost: '1.97K',[39m
[35m    totalCost: '11.8K'[39m
[35m  },[39m
[35m  {[39m
[35m    level: 32,[39m
[35m    vp: '584',[39m
[35m    wall: '19.9K',[39m
[35m    upgradeCost: '2.37K',[39m
[35m    totalCost: '14.1K'[39m
[35m  },[39m
[35m  {[39m
[35m    level: 33,[39m
[35m    vp: '651',[39m
[35m    wall: '23.9K',[39m
[35m    upgradeCost: '2.84K',[39m
[35m    totalCost: '17.0K'[39m
[35m  },[39m
[35m  {[39m
[35m    level: 34,[39m
[35m    vp: '726',[39m
[35m    wall: '28.7K',[39m
[35m    upgradeCost: '3.41K',[39m
[35m    totalCost: '20.4K'[39m
[35m  },[39m
[35m  {[39m
[35m    level: 35,[39m
[35m    vp: '809',[39m
[35m    wall: '34.4K',[39m
[35m    upgradeCost: '4.10K',[39m
[35m    totalCost: '24.5K'[39m
[35m  },[39m
[35m  {[39m
[35m    level: 36,[39m
[35m    vp: '902',[39m
[35m    wall: '41.3K',[39m
[35m    upgradeCost: '4.92K',[39m
[35m    totalCost: '29.4K'[39m
[35m  },[39m
[35m  {[39m
[35m    level: 37,[39m
[35m    vp: '1.00K',[39m
[35m    wall: '49.6K',[39m
[35m    upgradeCost: '5.90K',[39m
[35m    totalCost: '35.3K'[39m
[35m  },[39m
[35m  {[39m
[35m    level: 38,[39m
[35m    vp: '1.12K',[39m
[35m    wall: '59.5K',[39m
[35m    upgradeCost: '7.08K',[39m
[35m    totalCost: '42.4K'[39m
[35m  },[39m
[35m  {[39m
[35m    level: 39,[39m
[35m    vp: '1.25K',[39m
[35m    wall: '71.4K',[39m
[35m    upgradeCost: '8.50K',[39m
[35m    totalCost: '50.9K'[39m
[35m  },[39m
[35m  {[39m
[35m    level: 40,[39m
[35m    vp: '1.39K',[39m
[35m    wall: '85.7K',[39m
[35m    upgradeCost: '10.2K',[39m
[35m    totalCost: '61.1K'[39m
[35m  },[39m
[35m  {[39m
[35m    level: 41,[39m
[35m    vp: '1.55K',[39m
[35m    wall: '102K',[39m
[35m    upgradeCost: '12.2K',[39m
[35m    totalCost: '73.3K'[39m
[35m  },[39m
[35m  {[39m
[35m    level: 42,[39m
[35m    vp: '1.73K',[39m
[35m    wall: '123K',[39m
[35m    upgradeCost: '14.6K',[39m
[35m    totalCost: '88.0K'[39m
[35m  },[39m
[35m  {[39m
[35m    level: 43,[39m
[35m    vp: '1.93K',[39m
[35m    wall: '148K',[39m
[35m    upgradeCost: '17.6K',[39m
[35m    totalCost: '105K'[39m
[35m  },[39m
[35m  {[39m
[35m    level: 44,[39m
[35m    vp: '2.15K',[39m
[35m    wall: '177K',[39m
[35m    upgradeCost: '21.1K',[39m
[35m    totalCost: '126K'[39m
[35m  },[39m
[35m  {[39m
[35m    level: 45,[39m
[35m    vp: '2.40K',[39m
[35m    wall: '213K',[39m
[35m    upgradeCost: '25.3K',[39m
[35m    totalCost: '152K'[39m
[35m  },[39m
[35m  {[39m
[35m    level: 46,[39m
[35m    vp: '2.68K',[39m
[35m    wall: '255K',[39m
[35m    upgradeCost: '30.4K',[39m
[35m    totalCost: '182K'[39m
[35m  },[39m
[35m  {[39m
[35m    level: 47,[39m
[35m    vp: '2.99K',[39m
[35m    wall: '307K',[39m
[35m    upgradeCost: '36.5K',[39m
[35m    totalCost: '219K'[39m
[35m  },[39m
[35m  {[39m
[35m    level: 48,[39m
[35m    vp: '3.33K',[39m
[35m    wall: '368K',[39m
[35m    upgradeCost: '43.8K',[39m
[35m    totalCost: '263K'[39m
[35m  },[39m
[35m  {[39m
[35m    level: 49,[39m
[35m    vp: '3.71K',[39m
[35m    wall: '442K',[39m
[35m    upgradeCost: '52.6K',[39m
[35m    totalCost: '315K'[39m
[35m  },[39m
[35m  {[39m
[35m    level: 50,[39m
[35m    vp: '4.14K',[39m
[35m    wall: '530K',[39m
[35m    upgradeCost: '63.1K',[39m
[35m    totalCost: '378K'[39m
[35m  },[39m
[35m  {[39m
[35m    level: 51,[39m
[35m    vp: '4.62K',[39m
[35m    wall: '636K',[39m
[35m    upgradeCost: '75.8K',[39m
[35m    totalCost: '454K'[39m
[35m  },[39m
[35m  {[39m
[35m    level: 52,[39m
[35m    vp: '5.15K',[39m
[35m    wall: '764K',[39m
[35m    upgradeCost: '90.1K',[39m
[35m    totalCost: '545K'[39m
[35m  },[39m
[35m  {[39m
[35m    level: 53,[39m
[35m    vp: '5.74K',[39m
[35m    wall: '917K',[39m
[35m    upgradeCost: '109K',[39m
[35m    totalCost: '654K'[39m
[35m  },[39m
[35m  {[39m
[35m    level: 54,[39m
[35m    vp: '6.40K',[39m
[35m    wall: '1.10M',[39m
[35m    upgradeCost: '131K',[39m
[35m    totalCost: '785K'[39m
[35m  },[39m
[35m  {[39m
[35m    level: 55,[39m
[35m    vp: '7.14K',[39m
[35m    wall: '1.32M',[39m
[35m    upgradeCost: '157K',[39m
[35m    totalCost: '942K'[39m
[35m  },[39m
[35m  {[39m
[35m    level: 56,[39m
[35m    vp: '7.56K',[39m
[35m    wall: '1.58M',[39m
[35m    upgradeCost: '188K',[39m
[35m    totalCost: '1.13M'[39m
[35m  },[39m
[35m  {[39m
[35m    level: 57,[39m
[35m    vp: '8.88K',[39m
[35m    wall: '1.90M',[39m
[35m    upgradeCost: '226K',[39m
[35m    totalCost: '1.35M'[39m
[35m  },[39m
[35m  {[39m
[35m    level: 58,[39m
[35m    vp: '9.90K',[39m
[35m    wall: '2.28M',[39m
[35m    upgradeCost: '271K',[39m
[35m    totalCost: '1.62M'[39m
[35m  },[39m
[35m  {[39m
[35m    level: 59,[39m
[35m    vp: '11.0K',[39m
[35m    wall: '2.73M',[39m
[35m    upgradeCost: '326K',[39m
[35m    totalCost: '1.95M'[39m
[35m  },[39m
[35m  {[39m
[35m    level: 60,[39m
[35m    vp: '12.3K',[39m
[35m    wall: '3.28M',[39m
[35m    upgradeCost: '391K',[39m
[35m    totalCost: '2.34M'[39m
[35m  },[39m
[35m  {[39m
[35m    level: 61,[39m
[35m    vp: '13.7K',[39m
[35m    wall: '3.94M',[39m
[35m    upgradeCost: '469K',[39m
[35m    totalCost: '2.81M'[39m
[35m  },[39m
[35m  {[39m
[35m    level: 62,[39m
[35m    vp: '15.3K',[39m
[35m    wall: '4.73M',[39m
[35m    upgradeCost: '563K',[39m
[35m    totalCost: '3.37M'[39m
[35m  },[39m
[35m  {[39m
[35m    level: 63,[39m
[35m    vp: '17.0K',[39m
[35m    wall: '5.67M',[39m
[35m    upgradeCost: '676K',[39m
[35m    totalCost: '4.05M'[39m
[35m  },[39m
[35m  {[39m
[35m    level: 64,[39m
[35m    vp: '19.0K',[39m
[35m    wall: '6.81M',[39m
[35m    upgradeCost: '811K',[39m
[35m    totalCost: '4.86M'[39m
[35m  },[39m
[35m  {[39m
[35m    level: 65,[39m
[35m    vp: '21.2K',[39m
[35m    wall: '8.18M',[39m
[35m    upgradeCost: '973K',[39m
[35m    totalCost: '5.84M'[39m
[35m  },[39m
[35m  {[39m
[35m    level: 66,[39m
[35m    vp: '23.6K',[39m
[35m    wall: '9.81M',[39m
[35m    upgradeCost: '1.16M',[39m
[35m    totalCost: '7.00M'[39m
[35m  },[39m
[35m  {[39m
[35m    level: 67,[39m
[35m    vp: '26.3K',[39m
[35m    wall: '11.7M',[39m
[35m    upgradeCost: '1.40M',[39m
[35m    totalCost: '8.40M'[39m
[35m  },[39m
[35m  {[39m
[35m    level: 68,[39m
[35m    vp: '29.4K',[39m
[35m    wall: '14.1M',[39m
[35m    upgradeCost: '1.68M',[39m
[35m    totalCost: '10.1M'[39m
[35m  },[39m
[35m  {[39m
[35m    level: 69,[39m
[35m    vp: '32.7K',[39m
[35m    wall: '16.9M',[39m
[35m    upgradeCost: '2.01M',[39m
[35m    totalCost: '12.1M'[39m
[35m  },[39m
[35m  {[39m
[35m    level: 70,[39m
[35m    vp: '36.5K',[39m
[35m    wall: '20.3M',[39m
[35m    upgradeCost: '2.42M',[39m
[35m    totalCost: '14.5M'[39m
[35m  },[39m
[35m  {[39m
[35m    level: 71,[39m
[35m    vp: '40.7K',[39m
[35m    wall: '24.4M',[39m
[35m    upgradeCost: '2.90M',[39m
[35m    totalCost: '17.4M'[39m
[35m  },[39m
[35m  {[39m
[35m    level: 72,[39m
[35m    vp: '45.4K',[39m
[35m    wall: '29.3M',[39m
[35m    upgradeCost: '3.48M',[39m
[35m    totalCost: '20.9M'[39m
[35m  },[39m
[35m  {[39m
[35m    level: 73,[39m
[35m    vp: '50.6K',[39m
[35m    wall: '35.1M',[39m
[35m    upgradeCost: '4.18M',[39m
[35m    totalCost: '25.0M'[39m
[35m  },[39m
[35m  {[39m
[35m    level: 74,[39m
[35m    vp: '56.5K',[39m
[35m    wall: '42.1M',[39m
[35m    upgradeCost: '5.02M',[39m
[35m    totalCost: '30.1M'[39m
[35m  },[39m
[35m  {[39m
[35m    level: 75,[39m
[35m    vp: '63.0K',[39m
[35m    wall: '50.6M',[39m
[35m    upgradeCost: '6.02M',[39m
[35m    totalCost: '36.1M'[39m
[35m  },[39m
[35m  {[39m
[35m    level: 76,[39m
[35m    vp: '70.2K',[39m
[35m    wall: '60.7M',[39m
[35m    upgradeCost: '7.23M',[39m
[35m    totalCost: '43.3M'[39m
[35m  },[39m
[35m  {[39m
[35m    level: 77,[39m
[35m    vp: '78.3K',[39m
[35m    wall: '72.9M',[39m
[35m    upgradeCost: '8.68M',[39m
[35m    totalCost: '54.0M'[39m
[35m  },[39m
[35m  {[39m
[35m    level: 78,[39m
[35m    vp: '87.3K',[39m
[35m    wall: '87.4M',[39m
[35m    upgradeCost: '10.4M',[39m
[35m    totalCost: '62.4M'[39m
[35m  },[39m
[35m  {[39m
[35m    level: 79,[39m
[35m    vp: '97.3K',[39m
[35m    wall: '104M',[39m
[35m    upgradeCost: '12.5M',[39m
[35m    totalCost: '74.9M'[39m
[35m  },[39m
[35m  {[39m
[35m    level: 80,[39m
[35m    vp: '108K',[39m
[35m    wall: '125M',[39m
[35m    upgradeCost: '15.0M',[39m
[35m    totalCost: '89.9M'[39m
[35m  },[39m
[35m  {[39m
[35m    level: 81,[39m
[35m    vp: '121K',[39m
[35m    wall: '151M',[39m
[35m    upgradeCost: '18.0M',[39m
[35m    totalCost: '107M'[39m
[35m  },[39m
[35m  {[39m
[35m    level: 82,[39m
[35m    vp: '134K',[39m
[35m    wall: '181M',[39m
[35m    upgradeCost: '21.6M',[39m
[35m    totalCost: '129M'[39m
[35m  },[39m
[35m  {[39m
[35m    level: 83,[39m
[35m    vp: '150K',[39m
[35m    wall: '217M',[39m
[35m    upgradeCost: '25.9M',[39m
[35m    totalCost: '155M'[39m
[35m  },[39m
[35m  {[39m
[35m    level: 84,[39m
[35m    vp: '167K',[39m
[35m    wall: '261M',[39m
[35m    upgradeCost: '31.1M',[39m
[35m    totalCost: '186M'[39m
[35m  },[39m
[35m  {[39m
[35m    level: 85,[39m
[35m    vp: '187K',[39m
[35m    wall: '313M',[39m
[35m    upgradeCost: '37.3M',[39m
[35m    totalCost: '223M'[39m
[35m  },[39m
[35m  {[39m
[35m    level: 86,[39m
[35m    vp: '208K',[39m
[35m    wall: '376M',[39m
[35m    upgradeCost: '44.7M',[39m
[35m    totalCost: '268M'[39m
[35m  },[39m
[35m  {[39m
[35m    level: 87,[39m
[35m    vp: '232K',[39m
[35m    wall: '451M',[39m
[35m    upgradeCost: '53.7M',[39m
[35m    totalCost: '322M'[39m
[35m  },[39m
[35m  {[39m
[35m    level: 88,[39m
[35m    vp: '259K',[39m
[35m    wall: '541M',[39m
[35m    upgradeCost: '64.5M',[39m
[35m    totalCost: '386M'[39m
[35m  },[39m
[35m  {[39m
[35m    level: 89,[39m
[35m    vp: '289K',[39m
[35m    wall: '650M',[39m
[35m    upgradeCost: '77.4M',[39m
[35m    totalCost: '463M'[39m
[35m  },[39m
[35m  {[39m
[35m    level: 90,[39m
[35m    vp: '322K',[39m
[35m    wall: '780M',[39m
[35m    upgradeCost: '92.8M',[39m
[35m    totalCost: '556M'[39m
[35m  },[39m
[35m  {[39m
[35m    level: 91,[39m
[35m    vp: '359K',[39m
[35m    wall: '936M',[39m
[35m    upgradeCost: '111M',[39m
[35m    totalCost: '668M'[39m
[35m  },[39m
[35m  {[39m
[35m    level: 92,[39m
[35m    vp: '400K',[39m
[35m    wall: '1.12G',[39m
[35m    upgradeCost: '133M',[39m
[35m    totalCost: '801M'[39m
[35m  },[39m
[35m  {[39m
[35m    level: 93,[39m
[35m    vp: '447K',[39m
[35m    wall: '1.34G',[39m
[35m    upgradeCost: '160M',[39m
[35m    totalCost: '962M'[39m
[35m  },[39m
[35m  {[39m
[35m    level: 94,[39m
[35m    vp: '498K',[39m
[35m    wall: '1.61G',[39m
[35m    upgradeCost: '192M',[39m
[35m    totalCost: '1.15G'[39m
[35m  },[39m
[35m  {[39m
[35m    level: 95,[39m
[35m    vp: '555K',[39m
[35m    wall: '1.94G',[39m
[35m    upgradeCost: '231M',[39m
[35m    totalCost: '1.38G'[39m
[35m  },[39m
[35m  {[39m
[35m    level: 96,[39m
[35m    vp: '619K',[39m
[35m    wall: '2.32G',[39m
[35m    upgradeCost: '277M',[39m
[35m    totalCost: '1.66G'[39m
[35m  },[39m
[35m  {[39m
[35m    level: 97,[39m
[35m    vp: '690K',[39m
[35m    wall: '2.79G',[39m
[35m    upgradeCost: '332M',[39m
[35m    totalCost: '1.99G'[39m
[35m  },[39m
[35m  {[39m
[35m    level: 98,[39m
[35m    vp: '770K',[39m
[35m    wall: '3.35G',[39m
[35m    upgradeCost: '399M',[39m
[35m    totalCost: '2.39G'[39m
[35m  },[39m
[35m  {[39m
[35m    level: 99,[39m
[35m    vp: '858K',[39m
[35m    wall: '4.02G',[39m
[35m    upgradeCost: '479M',[39m
[35m    totalCost: '2.87G'[39m
[35m  },[39m
[35m  {[39m
[35m    level: 100,[39m
[35m    vp: '957K',[39m
[35m    wall: '4.83G',[39m
[35m    upgradeCost: '575M',[39m
[35m    totalCost: '3.44G'[39m
[35m  }[39m
[35m][39m
[21-12-2025 17:23] [[32minfo[39m] [32mComando ejecutado: upcities | Usuario: _codu | Servidor: Servidor de Codú[39m
[21-12-2025 17:24] [[35mdebug[39m] [35m[[39m
[35m  {[39m
[35m    level: 2,[39m
[35m    vp: '22',[39m
[35m    wall: '84',[39m
[35m    upgradeCost: '10',[39m
[35m    totalCost: '10'[39m
[35m  },[39m
[35m  {[39m
[35m    level: 3,[39m
[35m    vp: '24',[39m
[35m    wall: '101',[39m
[35m    upgradeCost: '12',[39m
[35m    totalCost: '22'[39m
[35m  },[39m
[35m  {[39m
[35m    level: 4,[39m
[35m    vp: '27',[39m
[35m    wall: '121',[39m
[35m    upgradeCost: '14',[39m
[35m    totalCost: '36'[39m
[35m  },[39m
[35m  {[39m
[35m    level: 5,[39m
[35m    vp: '30',[39m
[35m    wall: '145',[39m
[35m    upgradeCost: '17',[39m
[35m    totalCost: '53'[39m
[35m  },[39m
[35m  {[39m
[35m    level: 6,[39m
[35m    vp: '34',[39m
[35m    wall: '174',[39m
[35m    upgradeCost: '21',[39m
[35m    totalCost: '74'[39m
[35m  },[39m
[35m  {[39m
[35m    level: 7,[39m
[35m    vp: '38',[39m
[35m    wall: '209',[39m
[35m    upgradeCost: '25',[39m
[35m    totalCost: '99'[39m
[35m  },[39m
[35m  {[39m
[35m    level: 8,[39m
[35m    vp: '42',[39m
[35m    wall: '251',[39m
[35m    upgradeCost: '30',[39m
[35m    totalCost: '129'[39m
[35m  },[39m
[35m  {[39m
[35m    level: 9,[39m
[35m    vp: '47',[39m
[35m    wall: '301',[39m
[35m    upgradeCost: '36',[39m
[35m    totalCost: '165'[39m
[35m  },[39m
[35m  {[39m
[35m    level: 10,[39m
[35m    vp: '53',[39m
[35m    wall: '361',[39m
[35m    upgradeCost: '43',[39m
[35m    totalCost: '208'[39m
[35m  },[39m
[35m  {[39m
[35m    level: 11,[39m
[35m    vp: '59',[39m
[35m    wall: '433',[39m
[35m    upgradeCost: '52',[39m
[35m    totalCost: '260'[39m
[35m  },[39m
[35m  {[39m
[35m    level: 12,[39m
[35m    vp: '66',[39m
[35m    wall: '520',[39m
[35m    upgradeCost: '62',[39m
[35m    totalCost: '322'[39m
[35m  },[39m
[35m  {[39m
[35m    level: 13,[39m
[35m    vp: '73',[39m
[35m    wall: '624',[39m
[35m    upgradeCost: '74',[39m
[35m    totalCost: '396'[39m
[35m  },[39m
[35m  {[39m
[35m    level: 14,[39m
[35m    vp: '82',[39m
[35m    wall: '749',[39m
[35m    upgradeCost: '89',[39m
[35m    totalCost: '485'[39m
[35m  },[39m
[35m  {[39m
[35m    level: 15,[39m
[35m    vp: '91',[39m
[35m    wall: '899',[39m
[35m    upgradeCost: '106',[39m
[35m    totalCost: '591'[39m
[35m  },[39m
[35m  {[39m
[35m    level: 16,[39m
[35m    vp: '102',[39m
[35m    wall: '1.07K',[39m
[35m    upgradeCost: '128',[39m
[35m    totalCost: '719'[39m
[35m  },[39m
[35m  {[39m
[35m    level: 17,[39m
[35m    vp: '114',[39m
[35m    wall: '1.29K',[39m
[35m    upgradeCost: '154',[39m
[35m    totalCost: '873'[39m
[35m  },[39m
[35m  {[39m
[35m    level: 18,[39m
[35m    vp: '127',[39m
[35m    wall: '1.55K',[39m
[35m    upgradeCost: '184',[39m
[35m    totalCost: '1.05K'[39m
[35m  },[39m
[35m  {[39m
[35m    level: 19,[39m
[35m    vp: '141',[39m
[35m    wall: '1.86K',[39m
[35m    upgradeCost: '221',[39m
[35m    totalCost: '1.27K'[39m
[35m  },[39m
[35m  {[39m
[35m    level: 20,[39m
[35m    vp: '158',[39m
[35m    wall: '2.23K',[39m
[35m    upgradeCost: '266',[39m
[35m    totalCost: '1.54K'[39m
[35m  },[39m
[35m  {[39m
[35m    level: 21,[39m
[35m    vp: '176',[39m
[35m    wall: '2.68K',[39m
[35m    upgradeCost: '319',[39m
[35m    totalCost: '1.86K'[39m
[35m  },[39m
[35m  {[39m
[35m    level: 22,[39m
[35m    vp: '196',[39m
[35m    wall: '3.21K',[39m
[35m    upgradeCost: '383',[39m
[35m    totalCost: '2.24K'[39m
[35m  },[39m
[35m  {[39m
[35m    level: 23,[39m
[35m    vp: '219',[39m
[35m    wall: '3.86K',[39m
[35m    upgradeCost: '460',[39m
[35m    totalCost: '2.70K'[39m
[35m  },[39m
[35m  {[39m
[35m    level: 24,[39m
[35m    vp: '244',[39m
[35m    wall: '4.63K',[39m
[35m    upgradeCost: '552',[39m
[35m    totalCost: '3.25K'[39m
[35m  },[39m
[35m  {[39m
[35m    level: 25,[39m
[35m    vp: '272',[39m
[35m    wall: '5.56K',[39m
[35m    upgradeCost: '662',[39m
[35m    totalCost: '3.92K'[39m
[35m  },[39m
[35m  {[39m
[35m    level: 26,[39m
[35m    vp: '304',[39m
[35m    wall: '6.67K',[39m
[35m    upgradeCost: '794',[39m
[35m    totalCost: '4.71K'[39m
[35m  },[39m
[35m  {[39m
[35m    level: 27,[39m
[35m    vp: '338',[39m
[35m    wall: '8.01K',[39m
[35m    upgradeCost: '953',[39m
[35m    totalCost: '5.56K'[39m
[35m  },[39m
[35m  {[39m
[35m    level: 28,[39m
[35m    vp: '377',[39m
[35m    wall: '9.61K',[39m
[35m    upgradeCost: '1.14K',[39m
[35m    totalCost: '6.81K'[39m
[35m  },[39m
[35m  {[39m
[35m    level: 29,[39m
[35m    vp: '421',[39m
[35m    wall: '11.5K',[39m
[35m    upgradeCost: '1.37K',[39m
[35m    totalCost: '8.18K'[39m
[35m  },[39m
[35m  {[39m
[35m    level: 30,[39m
[35m    vp: '469',[39m
[35m    wall: '13.8K',[39m
[35m    upgradeCost: '1.64K',[39m
[35m    totalCost: '9.82K'[39m
[35m  },[39m
[35m  {[39m
[35m    level: 31,[39m
[35m    vp: '523',[39m
[35m    wall: '16.6K',[39m
[35m    upgradeCost: '1.97K',[39m
[35m    totalCost: '11.8K'[39m
[35m  },[39m
[35m  {[39m
[35m    level: 32,[39m
[35m    vp: '584',[39m
[35m    wall: '19.9K',[39m
[35m    upgradeCost: '2.37K',[39m
[35m    totalCost: '14.1K'[39m
[35m  },[39m
[35m  {[39m
[35m    level: 33,[39m
[35m    vp: '651',[39m
[35m    wall: '23.9K',[39m
[35m    upgradeCost: '2.84K',[39m
[35m    totalCost: '17.0K'[39m
[35m  },[39m
[35m  {[39m
[35m    level: 34,[39m
[35m    vp: '726',[39m
[35m    wall: '28.7K',[39m
[35m    upgradeCost: '3.41K',[39m
[35m    totalCost: '20.4K'[39m
[35m  },[39m
[35m  {[39m
[35m    level: 35,[39m
[35m    vp: '809',[39m
[35m    wall: '34.4K',[39m
[35m    upgradeCost: '4.10K',[39m
[35m    totalCost: '24.5K'[39m
[35m  },[39m
[35m  {[39m
[35m    level: 36,[39m
[35m    vp: '902',[39m
[35m    wall: '41.3K',[39m
[35m    upgradeCost: '4.92K',[39m
[35m    totalCost: '29.4K'[39m
[35m  },[39m
[35m  {[39m
[35m    level: 37,[39m
[35m    vp: '1.00K',[39m
[35m    wall: '49.6K',[39m
[35m    upgradeCost: '5.90K',[39m
[35m    totalCost: '35.3K'[39m
[35m  },[39m
[35m  {[39m
[35m    level: 38,[39m
[35m    vp: '1.12K',[39m
[35m    wall: '59.5K',[39m
[35m    upgradeCost: '7.08K',[39m
[35m    totalCost: '42.4K'[39m
[35m  },[39m
[35m  {[39m
[35m    level: 39,[39m
[35m    vp: '1.25K',[39m
[35m    wall: '71.4K',[39m
[35m    upgradeCost: '8.50K',[39m
[35m    totalCost: '50.9K'[39m
[35m  },[39m
[35m  {[39m
[35m    level: 40,[39m
[35m    vp: '1.39K',[39m
[35m    wall: '85.7K',[39m
[35m    upgradeCost: '10.2K',[39m
[35m    totalCost: '61.1K'[39m
[35m  },[39m
[35m  {[39m
[35m    level: 41,[39m
[35m    vp: '1.55K',[39m
[35m    wall: '102K',[39m
[35m    upgradeCost: '12.2K',[39m
[35m    totalCost: '73.3K'[39m
[35m  },[39m
[35m  {[39m
[35m    level: 42,[39m
[35m    vp: '1.73K',[39m
[35m    wall: '123K',[39m
[35m    upgradeCost: '14.6K',[39m
[35m    totalCost: '88.0K'[39m
[35m  },[39m
[35m  {[39m
[35m    level: 43,[39m
[35m    vp: '1.93K',[39m
[35m    wall: '148K',[39m
[35m    upgradeCost: '17.6K',[39m
[35m    totalCost: '105K'[39m
[35m  },[39m
[35m  {[39m
[35m    level: 44,[39m
[35m    vp: '2.15K',[39m
[35m    wall: '177K',[39m
[35m    upgradeCost: '21.1K',[39m
[35m    totalCost: '126K'[39m
[35m  },[39m
[35m  {[39m
[35m    level: 45,[39m
[35m    vp: '2.40K',[39m
[35m    wall: '213K',[39m
[35m    upgradeCost: '25.3K',[39m
[35m    totalCost: '152K'[39m
[35m  },[39m
[35m  {[39m
[35m    level: 46,[39m
[35m    vp: '2.68K',[39m
[35m    wall: '255K',[39m
[35m    upgradeCost: '30.4K',[39m
[35m    totalCost: '182K'[39m
[35m  },[39m
[35m  {[39m
[35m    level: 47,[39m
[35m    vp: '2.99K',[39m
[35m    wall: '307K',[39m
[35m    upgradeCost: '36.5K',[39m
[35m    totalCost: '219K'[39m
[35m  },[39m
[35m  {[39m
[35m    level: 48,[39m
[35m    vp: '3.33K',[39m
[35m    wall: '368K',[39m
[35m    upgradeCost: '43.8K',[39m
[35m    totalCost: '263K'[39m
[35m  },[39m
[35m  {[39m
[35m    level: 49,[39m
[35m    vp: '3.71K',[39m
[35m    wall: '442K',[39m
[35m    upgradeCost: '52.6K',[39m
[35m    totalCost: '315K'[39m
[35m  },[39m
[35m  {[39m
[35m    level: 50,[39m
[35m    vp: '4.14K',[39m
[35m    wall: '530K',[39m
[35m    upgradeCost: '63.1K',[39m
[35m    totalCost: '378K'[39m
[35m  },[39m
[35m  {[39m
[35m    level: 51,[39m
[35m    vp: '4.62K',[39m
[35m    wall: '636K',[39m
[35m    upgradeCost: '75.8K',[39m
[35m    totalCost: '454K'[39m
[35m  },[39m
[35m  {[39m
[35m    level: 52,[39m
[35m    vp: '5.15K',[39m
[35m    wall: '764K',[39m
[35m    upgradeCost: '90.1K',[39m
[35m    totalCost: '545K'[39m
[35m  },[39m
[35m  {[39m
[35m    level: 53,[39m
[35m    vp: '5.74K',[39m
[35m    wall: '917K',[39m
[35m    upgradeCost: '109K',[39m
[35m    totalCost: '654K'[39m
[35m  },[39m
[35m  {[39m
[35m    level: 54,[39m
[35m    vp: '6.40K',[39m
[35m    wall: '1.10M',[39m
[35m    upgradeCost: '131K',[39m
[35m    totalCost: '785K'[39m
[35m  },[39m
[35m  {[39m
[35m    level: 55,[39m
[35m    vp: '7.14K',[39m
[35m    wall: '1.32M',[39m
[35m    upgradeCost: '157K',[39m
[35m    totalCost: '942K'[39m
[35m  },[39m
[35m  {[39m
[35m    level: 56,[39m
[35m    vp: '7.56K',[39m
[35m    wall: '1.58M',[39m
[35m    upgradeCost: '188K',[39m
[35m    totalCost: '1.13M'[39m
[35m  },[39m
[35m  {[39m
[35m    level: 57,[39m
[35m    vp: '8.88K',[39m
[35m    wall: '1.90M',[39m
[35m    upgradeCost: '226K',[39m
[35m    totalCost: '1.35M'[39m
[35m  },[39m
[35m  {[39m
[35m    level: 58,[39m
[35m    vp: '9.90K',[39m
[35m    wall: '2.28M',[39m
[35m    upgradeCost: '271K',[39m
[35m    totalCost: '1.62M'[39m
[35m  },[39m
[35m  {[39m
[35m    level: 59,[39m
[35m    vp: '11.0K',[39m
[35m    wall: '2.73M',[39m
[35m    upgradeCost: '326K',[39m
[35m    totalCost: '1.95M'[39m
[35m  },[39m
[35m  {[39m
[35m    level: 60,[39m
[35m    vp: '12.3K',[39m
[35m    wall: '3.28M',[39m
[35m    upgradeCost: '391K',[39m
[35m    totalCost: '2.34M'[39m
[35m  },[39m
[35m  {[39m
[35m    level: 61,[39m
[35m    vp: '13.7K',[39m
[35m    wall: '3.94M',[39m
[35m    upgradeCost: '469K',[39m
[35m    totalCost: '2.81M'[39m
[35m  },[39m
[35m  {[39m
[35m    level: 62,[39m
[35m    vp: '15.3K',[39m
[35m    wall: '4.73M',[39m
[35m    upgradeCost: '563K',[39m
[35m    totalCost: '3.37M'[39m
[35m  },[39m
[35m  {[39m
[35m    level: 63,[39m
[35m    vp: '17.0K',[39m
[35m    wall: '5.67M',[39m
[35m    upgradeCost: '676K',[39m
[35m    totalCost: '4.05M'[39m
[35m  },[39m
[35m  {[39m
[35m    level: 64,[39m
[35m    vp: '19.0K',[39m
[35m    wall: '6.81M',[39m
[35m    upgradeCost: '811K',[39m
[35m    totalCost: '4.86M'[39m
[35m  },[39m
[35m  {[39m
[35m    level: 65,[39m
[35m    vp: '21.2K',[39m
[35m    wall: '8.18M',[39m
[35m    upgradeCost: '973K',[39m
[35m    totalCost: '5.84M'[39m
[35m  },[39m
[35m  {[39m
[35m    level: 66,[39m
[35m    vp: '23.6K',[39m
[35m    wall: '9.81M',[39m
[35m    upgradeCost: '1.16M',[39m
[35m    totalCost: '7.00M'[39m
[35m  },[39m
[35m  {[39m
[35m    level: 67,[39m
[35m    vp: '26.3K',[39m
[35m    wall: '11.7M',[39m
[35m    upgradeCost: '1.40M',[39m
[35m    totalCost: '8.40M'[39m
[35m  },[39m
[35m  {[39m
[35m    level: 68,[39m
[35m    vp: '29.4K',[39m
[35m    wall: '14.1M',[39m
[35m    upgradeCost: '1.68M',[39m
[35m    totalCost: '10.1M'[39m
[35m  },[39m
[35m  {[39m
[35m    level: 69,[39m
[35m    vp: '32.7K',[39m
[35m    wall: '16.9M',[39m
[35m    upgradeCost: '2.01M',[39m
[35m    totalCost: '12.1M'[39m
[35m  },[39m
[35m  {[39m
[35m    level: 70,[39m
[35m    vp: '36.5K',[39m
[35m    wall: '20.3M',[39m
[35m    upgradeCost: '2.42M',[39m
[35m    totalCost: '14.5M'[39m
[35m  },[39m
[35m  {[39m
[35m    level: 71,[39m
[35m    vp: '40.7K',[39m
[35m    wall: '24.4M',[39m
[35m    upgradeCost: '2.90M',[39m
[35m    totalCost: '17.4M'[39m
[35m  },[39m
[35m  {[39m
[35m    level: 72,[39m
[35m    vp: '45.4K',[39m
[35m    wall: '29.3M',[39m
[35m    upgradeCost: '3.48M',[39m
[35m    totalCost: '20.9M'[39m
[35m  },[39m
[35m  {[39m
[35m    level: 73,[39m
[35m    vp: '50.6K',[39m
[35m    wall: '35.1M',[39m
[35m    upgradeCost: '4.18M',[39m
[35m    totalCost: '25.0M'[39m
[35m  },[39m
[35m  {[39m
[35m    level: 74,[39m
[35m    vp: '56.5K',[39m
[35m    wall: '42.1M',[39m
[35m    upgradeCost: '5.02M',[39m
[35m    totalCost: '30.1M'[39m
[35m  },[39m
[35m  {[39m
[35m    level: 75,[39m
[35m    vp: '63.0K',[39m
[35m    wall: '50.6M',[39m
[35m    upgradeCost: '6.02M',[39m
[35m    totalCost: '36.1M'[39m
[35m  },[39m
[35m  {[39m
[35m    level: 76,[39m
[35m    vp: '70.2K',[39m
[35m    wall: '60.7M',[39m
[35m    upgradeCost: '7.23M',[39m
[35m    totalCost: '43.3M'[39m
[35m  },[39m
[35m  {[39m
[35m    level: 77,[39m
[35m    vp: '78.3K',[39m
[35m    wall: '72.9M',[39m
[35m    upgradeCost: '8.68M',[39m
[35m    totalCost: '54.0M'[39m
[35m  },[39m
[35m  {[39m
[35m    level: 78,[39m
[35m    vp: '87.3K',[39m
[35m    wall: '87.4M',[39m
[35m    upgradeCost: '10.4M',[39m
[35m    totalCost: '62.4M'[39m
[35m  },[39m
[35m  {[39m
[35m    level: 79,[39m
[35m    vp: '97.3K',[39m
[35m    wall: '104M',[39m
[35m    upgradeCost: '12.5M',[39m
[35m    totalCost: '74.9M'[39m
[35m  },[39m
[35m  {[39m
[35m    level: 80,[39m
[35m    vp: '108K',[39m
[35m    wall: '125M',[39m
[35m    upgradeCost: '15.0M',[39m
[35m    totalCost: '89.9M'[39m
[35m  },[39m
[35m  {[39m
[35m    level: 81,[39m
[35m    vp: '121K',[39m
[35m    wall: '151M',[39m
[35m    upgradeCost: '18.0M',[39m
[35m    totalCost: '107M'[39m
[35m  },[39m
[35m  {[39m
[35m    level: 82,[39m
[35m    vp: '134K',[39m
[35m    wall: '181M',[39m
[35m    upgradeCost: '21.6M',[39m
[35m    totalCost: '129M'[39m
[35m  },[39m
[35m  {[39m
[35m    level: 83,[39m
[35m    vp: '150K',[39m
[35m    wall: '217M',[39m
[35m    upgradeCost: '25.9M',[39m
[35m    totalCost: '155M'[39m
[35m  },[39m
[35m  {[39m
[35m    level: 84,[39m
[35m    vp: '167K',[39m
[35m    wall: '261M',[39m
[35m    upgradeCost: '31.1M',[39m
[35m    totalCost: '186M'[39m
[35m  },[39m
[35m  {[39m
[35m    level: 85,[39m
[35m    vp: '187K',[39m
[35m    wall: '313M',[39m
[35m    upgradeCost: '37.3M',[39m
[35m    totalCost: '223M'[39m
[35m  },[39m
[35m  {[39m
[35m    level: 86,[39m
[35m    vp: '208K',[39m
[35m    wall: '376M',[39m
[35m    upgradeCost: '44.7M',[39m
[35m    totalCost: '268M'[39m
[35m  },[39m
[35m  {[39m
[35m    level: 87,[39m
[35m    vp: '232K',[39m
[35m    wall: '451M',[39m
[35m    upgradeCost: '53.7M',[39m
[35m    totalCost: '322M'[39m
[35m  },[39m
[35m  {[39m
[35m    level: 88,[39m
[35m    vp: '259K',[39m
[35m    wall: '541M',[39m
[35m    upgradeCost: '64.5M',[39m
[35m    totalCost: '386M'[39m
[35m  },[39m
[35m  {[39m
[35m    level: 89,[39m
[35m    vp: '289K',[39m
[35m    wall: '650M',[39m
[35m    upgradeCost: '77.4M',[39m
[35m    totalCost: '463M'[39m
[35m  },[39m
[35m  {[39m
[35m    level: 90,[39m
[35m    vp: '322K',[39m
[35m    wall: '780M',[39m
[35m    upgradeCost: '92.8M',[39m
[35m    totalCost: '556M'[39m
[35m  },[39m
[35m  {[39m
[35m    level: 91,[39m
[35m    vp: '359K',[39m
[35m    wall: '936M',[39m
[35m    upgradeCost: '111M',[39m
[35m    totalCost: '668M'[39m
[35m  },[39m
[35m  {[39m
[35m    level: 92,[39m
[35m    vp: '400K',[39m
[35m    wall: '1.12G',[39m
[35m    upgradeCost: '133M',[39m
[35m    totalCost: '801M'[39m
[35m  },[39m
[35m  {[39m
[35m    level: 93,[39m
[35m    vp: '447K',[39m
[35m    wall: '1.34G',[39m
[35m    upgradeCost: '160M',[39m
[35m    totalCost: '962M'[39m
[35m  },[39m
[35m  {[39m
[35m    level: 94,[39m
[35m    vp: '498K',[39m
[35m    wall: '1.61G',[39m
[35m    upgradeCost: '192M',[39m
[35m    totalCost: '1.15G'[39m
[35m  },[39m
[35m  {[39m
[35m    level: 95,[39m
[35m    vp: '555K',[39m
[35m    wall: '1.94G',[39m
[35m    upgradeCost: '231M',[39m
[35m    totalCost: '1.38G'[39m
[35m  },[39m
[35m  {[39m
[35m    level: 96,[39m
[35m    vp: '619K',[39m
[35m    wall: '2.32G',[39m
[35m    upgradeCost: '277M',[39m
[35m    totalCost: '1.66G'[39m
[35m  },[39m
[35m  {[39m
[35m    level: 97,[39m
[35m    vp: '690K',[39m
[35m    wall: '2.79G',[39m
[35m    upgradeCost: '332M',[39m
[35m    totalCost: '1.99G'[39m
[35m  },[39m
[35m  {[39m
[35m    level: 98,[39m
[35m    vp: '770K',[39m
[35m    wall: '3.35G',[39m
[35m    upgradeCost: '399M',[39m
[35m    totalCost: '2.39G'[39m
[35m  },[39m
[35m  {[39m
[35m    level: 99,[39m
[35m    vp: '858K',[39m
[35m    wall: '4.02G',[39m
[35m    upgradeCost: '479M',[39m
[35m    totalCost: '2.87G'[39m
[35m  },[39m
[35m  {[39m
[35m    level: 100,[39m
[35m    vp: '957K',[39m
[35m    wall: '4.83G',[39m
[35m    upgradeCost: '575M',[39m
[35m    totalCost: '3.44G'[39m
[35m  }[39m
[35m][39m
[21-12-2025 17:24] [[32minfo[39m] [32mComando ejecutado: upcities | Usuario: _codu | Servidor: Servidor de Codú[39m
[21-12-2025 17:29] [[32minfo[39m] [32m🔄 Cargando eventos desde: E:\Users\briha\Documentos\GitHub\Million-Lords-DsBot\dist\events\discord[39m
[21-12-2025 17:29] [[32minfo[39m] [32mEvento cargado: interactionCreate[39m
[21-12-2025 17:29] [[32minfo[39m] [32mEvento cargado: clientReady[39m
[21-12-2025 17:29] [[32minfo[39m] [32m🔄 Cargando comandos desde: E:\Users\briha\Documentos\GitHub\Million-Lords-DsBot\dist\commands\Mlords[39m
[21-12-2025 17:29] [[32minfo[39m] [32mComando cargado: breakcity[39m
[21-12-2025 17:29] [[32minfo[39m] [32mComando cargado: breakdefense[39m
[21-12-2025 17:29] [[32minfo[39m] [32mComando cargado: citywall[39m
[21-12-2025 17:29] [[32minfo[39m] [32mComando cargado: help[39m
[21-12-2025 17:29] [[32minfo[39m] [32mComando cargado: powercalc[39m
[21-12-2025 17:29] [[32minfo[39m] [32mComando cargado: upcities[39m
[21-12-2025 17:29] [[32minfo[39m] [32m🔁 Registrando 6 comandos (globales)...[39m
[21-12-2025 17:29] [[32minfo[39m] [32m✅ Comandos registrados globalmente.[39m
[21-12-2025 17:29] [[32minfo[39m] [32m🤖 Conectado como MLords#9235 (ID: 1411928144553836726)[39m
[21-12-2025 17:29] [[32minfo[39m] [32mComando ejecutado: upcities | Usuario: _codu | Servidor: LEGIONS-BLACK[39m
[21-12-2025 17:33] [[32minfo[39m] [32mComando ejecutado: upcities | Usuario: batman9083 | Servidor: LEGIONS-BLACK[39m
[21-12-2025 17:34] [[32minfo[39m] [32mComando ejecutado: upcities | Usuario: batman9083 | Servidor: LEGIONS-BLACK[39m
[21-12-2025 17:41] [[32minfo[39m] [32mComando ejecutado: upcities | Usuario: _codu | Servidor: LEGIONS-BLACK[39m
[21-12-2025 18:17] [[32minfo[39m] [32mComando ejecutado: help | Usuario: _codu | Servidor: LEGIONS-BLACK[39m
[21-12-2025 19:33] [[32minfo[39m] [32mComando ejecutado: upcities | Usuario: _codu | Servidor: LEGIONS-BLACK[39m
[21-12-2025 20:31] [[32minfo[39m] [32m🔄 Cargando eventos desde: E:\Users\briha\Documentos\GitHub\Million-Lords-DsBot\dist\events\discord[39m
[21-12-2025 20:31] [[32minfo[39m] [32mEvento cargado: interactionCreate[39m
[21-12-2025 20:31] [[32minfo[39m] [32mEvento cargado: clientReady[39m
[21-12-2025 20:31] [[32minfo[39m] [32m🔄 Cargando comandos desde: E:\Users\briha\Documentos\GitHub\Million-Lords-DsBot\dist\commands\Mlords[39m
[21-12-2025 20:31] [[32minfo[39m] [32mComando cargado: breakcity[39m
[21-12-2025 20:31] [[32minfo[39m] [32mComando cargado: breakdefense[39m
[21-12-2025 20:31] [[32minfo[39m] [32mComando cargado: citywall[39m
[21-12-2025 20:31] [[32minfo[39m] [32mComando cargado: help[39m
[21-12-2025 20:31] [[32minfo[39m] [32mComando cargado: powercalc[39m
[21-12-2025 20:31] [[32minfo[39m] [32mComando cargado: upcities[39m
[21-12-2025 20:31] [[32minfo[39m] [32m🔁 Registrando 6 comandos (globales)...[39m
[21-12-2025 20:31] [[32minfo[39m] [32m✅ Comandos registrados globalmente.[39m
[21-12-2025 20:31] [[32minfo[39m] [32m🤖 Conectado como MLords#9235 (ID: 1411928144553836726)[39m
[25-12-2025 14:39] [[32minfo[39m] [32m🔄 Cargando eventos desde: E:\Users\briha\Documentos\GitHub\Million-Lords-DsBot\dist\events\discord[39m
[25-12-2025 14:39] [[32minfo[39m] [32mEvento cargado: interactionCreate[39m
[25-12-2025 14:39] [[32minfo[39m] [32mEvento cargado: clientReady[39m
[25-12-2025 14:39] [[32minfo[39m] [32m🔄 Cargando comandos desde: E:\Users\briha\Documentos\GitHub\Million-Lords-DsBot\dist\commands\Mlords[39m
[25-12-2025 14:39] [[32minfo[39m] [32mComando cargado: breakcity[39m
[25-12-2025 14:39] [[32minfo[39m] [32mComando cargado: breakdefense[39m
[25-12-2025 14:39] [[32minfo[39m] [32mComando cargado: citywall[39m
[25-12-2025 14:39] [[32minfo[39m] [32mComando cargado: help[39m
[25-12-2025 14:39] [[32minfo[39m] [32mComando cargado: powercalc[39m
[25-12-2025 14:39] [[32minfo[39m] [32mComando cargado: upcities[39m
[25-12-2025 14:39] [[32minfo[39m] [32m🔁 Registrando 6 comandos (globales)...[39m
[25-12-2025 14:39] [[32minfo[39m] [32m✅ Comandos registrados globalmente.[39m
[25-12-2025 14:39] [[32minfo[39m] [32m🤖 Conectado como MLords#9235 (ID: 1411928144553836726)[39m
[25-12-2025 14:41] [[32minfo[39m] [32m🔄 Cargando eventos desde: E:\Users\briha\Documentos\GitHub\Million-Lords-DsBot\dist\events\discord[39m
[25-12-2025 14:41] [[32minfo[39m] [32mEvento cargado: interactionCreate[39m
[25-12-2025 14:41] [[32minfo[39m] [32mEvento cargado: clientReady[39m
[25-12-2025 14:41] [[32minfo[39m] [32m🔄 Cargando comandos desde: E:\Users\briha\Documentos\GitHub\Million-Lords-DsBot\dist\commands\Mlords[39m
[25-12-2025 14:41] [[32minfo[39m] [32mComando cargado: breakcity[39m
[25-12-2025 14:41] [[32minfo[39m] [32mComando cargado: breakdefense[39m
[25-12-2025 14:41] [[32minfo[39m] [32mComando cargado: citywall[39m
[25-12-2025 14:41] [[32minfo[39m] [32mComando cargado: help[39m
[25-12-2025 14:41] [[32minfo[39m] [32mComando cargado: powercalc[39m
[25-12-2025 14:41] [[32minfo[39m] [32mComando cargado: upcities[39m
[25-12-2025 14:41] [[32minfo[39m] [32m🔁 Registrando 6 comandos (globales)...[39m
[25-12-2025 14:41] [[32minfo[39m] [32m✅ Comandos registrados globalmente.[39m
[25-12-2025 14:41] [[32minfo[39m] [32m🤖 Conectado como MLords#9235 (ID: 1411928144553836726)[39m
[25-12-2025 14:41] [[32minfo[39m] [32mComando ejecutado: upcities | Usuario: _codu | Servidor: Servidor de Codú[39m
[25-12-2025 14:41] [[32minfo[39m] [32mComando ejecutado: citywall | Usuario: _codu | Servidor: Servidor de Codú[39m
[25-12-2025 14:59] [[32minfo[39m] [32mComando ejecutado: powercalc | Usuario: _codu | Servidor: Servidor de Codú[39m
